"filename", "language", "XML", "Ini", "C++", "Markdown", "Batch", "Lua", "GLSL", "ShaderLab", "HLSL", "comment", "blank", "total"
"d:\AA_LEARN_CODING\LearnOpenGL\BlackPearl-Rendering-Engine\BlackPearl\BlackPearl.vcxproj", "XML", 859, 0, 0, 0, 0, 0, 0, 0, 0, 0, 0, 859
"d:\AA_LEARN_CODING\LearnOpenGL\BlackPearl-Rendering-Engine\BlackPearl\assets\shaders\PointLight.glsl", "GLSL", 0, 0, 0, 0, 0, 0, 18, 0, 0, 0, 10, 28
"d:\AA_LEARN_CODING\LearnOpenGL\BlackPearl-Rendering-Engine\BlackPearl\assets\shaders\Texture.glsl", "GLSL", 0, 0, 0, 0, 0, 0, 138, 0, 0, 16, 63, 217
"d:\AA_LEARN_CODING\LearnOpenGL\BlackPearl-Rendering-Engine\BlackPearl\src\BlackPearl.h", "C++", 0, 0, 56, 0, 0, 0, 0, 0, 0, 3, 8, 67
"d:\AA_LEARN_CODING\LearnOpenGL\BlackPearl-Rendering-Engine\BlackPearl\src\BlackPearl\AABB\AABB.cpp", "C++", 0, 0, 95, 0, 0, 0, 0, 0, 0, 0, 25, 120
"d:\AA_LEARN_CODING\LearnOpenGL\BlackPearl-Rendering-Engine\BlackPearl\src\BlackPearl\AABB\AABB.h", "C++", 0, 0, 30, 0, 0, 0, 0, 0, 0, 0, 8, 38
"d:\AA_LEARN_CODING\LearnOpenGL\BlackPearl-Rendering-Engine\BlackPearl\src\BlackPearl\Animation\AnimatedModel.cpp", "C++", 0, 0, 1, 0, 0, 0, 0, 0, 0, 100, 1, 102
"d:\AA_LEARN_CODING\LearnOpenGL\BlackPearl-Rendering-Engine\BlackPearl\src\BlackPearl\Animation\AnimatedModel.h", "C++", 0, 0, 0, 0, 0, 0, 0, 0, 0, 0, 1, 1
"d:\AA_LEARN_CODING\LearnOpenGL\BlackPearl-Rendering-Engine\BlackPearl\src\BlackPearl\Animation\Animation.cpp", "C++", 0, 0, 2, 0, 0, 0, 0, 0, 0, 0, 1, 3
"d:\AA_LEARN_CODING\LearnOpenGL\BlackPearl-Rendering-Engine\BlackPearl\src\BlackPearl\Animation\Animation.h", "C++", 0, 0, 13, 0, 0, 0, 0, 0, 0, 0, 4, 17
"d:\AA_LEARN_CODING\LearnOpenGL\BlackPearl-Rendering-Engine\BlackPearl\src\BlackPearl\Animation\Bone.cpp", "C++", 0, 0, 4, 0, 0, 0, 0, 0, 0, 0, 6, 10
"d:\AA_LEARN_CODING\LearnOpenGL\BlackPearl-Rendering-Engine\BlackPearl\src\BlackPearl\Animation\Bone.h", "C++", 0, 0, 22, 0, 0, 0, 0, 0, 0, 2, 4, 28
"d:\AA_LEARN_CODING\LearnOpenGL\BlackPearl-Rendering-Engine\BlackPearl\src\BlackPearl\Animation\JointTransform.cpp", "C++", 0, 0, 2, 0, 0, 0, 0, 0, 0, 0, 1, 3
"d:\AA_LEARN_CODING\LearnOpenGL\BlackPearl-Rendering-Engine\BlackPearl\src\BlackPearl\Animation\JointTransform.h", "C++", 0, 0, 18, 0, 0, 0, 0, 0, 0, 0, 3, 21
"d:\AA_LEARN_CODING\LearnOpenGL\BlackPearl-Rendering-Engine\BlackPearl\src\BlackPearl\Animation\KeyFrame.cpp", "C++", 0, 0, 2, 0, 0, 0, 0, 0, 0, 0, 1, 3
"d:\AA_LEARN_CODING\LearnOpenGL\BlackPearl-Rendering-Engine\BlackPearl\src\BlackPearl\Animation\KeyFrame.h", "C++", 0, 0, 15, 0, 0, 0, 0, 0, 0, 0, 6, 21
"d:\AA_LEARN_CODING\LearnOpenGL\BlackPearl-Rendering-Engine\BlackPearl\src\BlackPearl\Application.cpp", "C++", 0, 0, 123, 0, 0, 0, 0, 0, 0, 7, 32, 162
"d:\AA_LEARN_CODING\LearnOpenGL\BlackPearl-Rendering-Engine\BlackPearl\src\BlackPearl\Application.h", "C++", 0, 0, 65, 0, 0, 0, 0, 0, 0, 1, 10, 76
"d:\AA_LEARN_CODING\LearnOpenGL\BlackPearl-Rendering-Engine\BlackPearl\src\BlackPearl\Common\CommonFunc.cpp", "C++", 0, 0, 30, 0, 0, 0, 0, 0, 0, 3, 5, 38
"d:\AA_LEARN_CODING\LearnOpenGL\BlackPearl-Rendering-Engine\BlackPearl\src\BlackPearl\Common\CommonFunc.h", "C++", 0, 0, 147, 0, 0, 0, 0, 0, 0, 8, 25, 180
"d:\AA_LEARN_CODING\LearnOpenGL\BlackPearl-Rendering-Engine\BlackPearl\src\BlackPearl\Component\BVHNodeComponent\BVHNode.cpp", "C++", 0, 0, 151, 0, 0, 0, 0, 0, 0, 75, 41, 267
"d:\AA_LEARN_CODING\LearnOpenGL\BlackPearl-Rendering-Engine\BlackPearl\src\BlackPearl\Component\BVHNodeComponent\BVHNode.h", "C++", 0, 0, 27, 0, 0, 0, 0, 0, 0, 1, 6, 34
"d:\AA_LEARN_CODING\LearnOpenGL\BlackPearl-Rendering-Engine\BlackPearl\src\BlackPearl\Component\BaseComponent.cpp", "C++", 0, 0, 5, 0, 0, 0, 0, 0, 0, 0, 4, 9
"d:\AA_LEARN_CODING\LearnOpenGL\BlackPearl-Rendering-Engine\BlackPearl\src\BlackPearl\Component\BaseComponent.h", "C++", 0, 0, 37, 0, 0, 0, 0, 0, 0, 9, 7, 53
"d:\AA_LEARN_CODING\LearnOpenGL\BlackPearl-Rendering-Engine\BlackPearl\src\BlackPearl\Component\BasicInfoComponent\BasicInfo.cpp", "C++", 0, 0, 8, 0, 0, 0, 0, 0, 0, 0, 5, 13
"d:\AA_LEARN_CODING\LearnOpenGL\BlackPearl-Rendering-Engine\BlackPearl\src\BlackPearl\Component\BasicInfoComponent\BasicInfo.h", "C++", 0, 0, 39, 0, 0, 0, 0, 0, 0, 0, 6, 45
"d:\AA_LEARN_CODING\LearnOpenGL\BlackPearl-Rendering-Engine\BlackPearl\src\BlackPearl\Component\BoundingBoxComponent\BoundingBox.cpp", "C++", 0, 0, 5, 0, 0, 0, 0, 0, 0, 0, 5, 10
"d:\AA_LEARN_CODING\LearnOpenGL\BlackPearl-Rendering-Engine\BlackPearl\src\BlackPearl\Component\BoundingBoxComponent\BoundingBox.h", "C++", 0, 0, 18, 0, 0, 0, 0, 0, 0, 0, 5, 23
"d:\AA_LEARN_CODING\LearnOpenGL\BlackPearl-Rendering-Engine\BlackPearl\src\BlackPearl\Component\BoundingSphereComponent\BoundingSphere.cpp", "C++", 0, 0, 109, 0, 0, 0, 0, 0, 0, 19, 34, 162
"d:\AA_LEARN_CODING\LearnOpenGL\BlackPearl-Rendering-Engine\BlackPearl\src\BlackPearl\Component\BoundingSphereComponent\BoundingSphere.h", "C++", 0, 0, 23, 0, 0, 0, 0, 0, 0, 0, 8, 31
"d:\AA_LEARN_CODING\LearnOpenGL\BlackPearl-Rendering-Engine\BlackPearl\src\BlackPearl\Component\CameraComponent\Camera.cpp", "C++", 0, 0, 68, 0, 0, 0, 0, 0, 0, 0, 14, 82
"d:\AA_LEARN_CODING\LearnOpenGL\BlackPearl-Rendering-Engine\BlackPearl\src\BlackPearl\Component\CameraComponent\Camera.h", "C++", 0, 0, 75, 0, 0, 0, 0, 0, 0, 7, 19, 101
"d:\AA_LEARN_CODING\LearnOpenGL\BlackPearl-Rendering-Engine\BlackPearl\src\BlackPearl\Component\CameraComponent\OrthographicCamera.cpp", "C++", 0, 0, 4, 0, 0, 0, 0, 0, 0, 0, 3, 7
"d:\AA_LEARN_CODING\LearnOpenGL\BlackPearl-Rendering-Engine\BlackPearl\src\BlackPearl\Component\CameraComponent\OrthographicCamera.h", "C++", 0, 0, 25, 0, 0, 0, 0, 0, 0, 0, 11, 36
"d:\AA_LEARN_CODING\LearnOpenGL\BlackPearl-Rendering-Engine\BlackPearl\src\BlackPearl\Component\CameraComponent\PerspectiveCamera.cpp", "C++", 0, 0, 25, 0, 0, 0, 0, 0, 0, 1, 8, 34
"d:\AA_LEARN_CODING\LearnOpenGL\BlackPearl-Rendering-Engine\BlackPearl\src\BlackPearl\Component\CameraComponent\PerspectiveCamera.h", "C++", 0, 0, 30, 0, 0, 0, 0, 0, 0, 1, 8, 39
"d:\AA_LEARN_CODING\LearnOpenGL\BlackPearl-Rendering-Engine\BlackPearl\src\BlackPearl\Component\Component.cpp", "C++", 0, 0, 6, 0, 0, 0, 0, 0, 0, 0, 4, 10
"d:\AA_LEARN_CODING\LearnOpenGL\BlackPearl-Rendering-Engine\BlackPearl\src\BlackPearl\Component\Component.h", "C++", 0, 0, 24, 0, 0, 0, 0, 0, 0, 7, 8, 39
"d:\AA_LEARN_CODING\LearnOpenGL\BlackPearl-Rendering-Engine\BlackPearl\src\BlackPearl\Component\LightComponent\Light.cpp", "C++", 0, 0, 23, 0, 0, 0, 0, 0, 0, 0, 2, 25
"d:\AA_LEARN_CODING\LearnOpenGL\BlackPearl-Rendering-Engine\BlackPearl\src\BlackPearl\Component\LightComponent\Light.h", "C++", 0, 0, 57, 0, 0, 0, 0, 0, 0, 3, 10, 70
"d:\AA_LEARN_CODING\LearnOpenGL\BlackPearl-Rendering-Engine\BlackPearl\src\BlackPearl\Component\LightComponent\LightSources.cpp", "C++", 0, 0, 34, 0, 0, 0, 0, 0, 0, 0, 5, 39
"d:\AA_LEARN_CODING\LearnOpenGL\BlackPearl-Rendering-Engine\BlackPearl\src\BlackPearl\Component\LightComponent\LightSources.h", "C++", 0, 0, 28, 0, 0, 0, 0, 0, 0, 1, 8, 37
"d:\AA_LEARN_CODING\LearnOpenGL\BlackPearl-Rendering-Engine\BlackPearl\src\BlackPearl\Component\LightComponent\ParallelLight.cpp", "C++", 0, 0, 9, 0, 0, 0, 0, 0, 0, 54, 15, 78
"d:\AA_LEARN_CODING\LearnOpenGL\BlackPearl-Rendering-Engine\BlackPearl\src\BlackPearl\Component\LightComponent\ParallelLight.h", "C++", 0, 0, 23, 0, 0, 0, 0, 0, 0, 6, 7, 36
"d:\AA_LEARN_CODING\LearnOpenGL\BlackPearl-Rendering-Engine\BlackPearl\src\BlackPearl\Component\LightComponent\PointLight.cpp", "C++", 0, 0, 99, 0, 0, 0, 0, 0, 0, 15, 21, 135
"d:\AA_LEARN_CODING\LearnOpenGL\BlackPearl-Rendering-Engine\BlackPearl\src\BlackPearl\Component\LightComponent\PointLight.h", "C++", 0, 0, 106, 0, 0, 0, 0, 0, 0, 6, 14, 126
"d:\AA_LEARN_CODING\LearnOpenGL\BlackPearl-Rendering-Engine\BlackPearl\src\BlackPearl\Component\LightComponent\SpotLight.cpp", "C++", 0, 0, 7, 0, 0, 0, 0, 0, 0, 0, 5, 12
"d:\AA_LEARN_CODING\LearnOpenGL\BlackPearl-Rendering-Engine\BlackPearl\src\BlackPearl\Component\LightComponent\SpotLight.h", "C++", 0, 0, 86, 0, 0, 0, 0, 0, 0, 3, 9, 98
"d:\AA_LEARN_CODING\LearnOpenGL\BlackPearl-Rendering-Engine\BlackPearl\src\BlackPearl\Component\LightProbeComponent\LightProbeComponent.cpp", "C++", 0, 0, 5, 0, 0, 0, 0, 0, 0, 31, 11, 47
"d:\AA_LEARN_CODING\LearnOpenGL\BlackPearl-Rendering-Engine\BlackPearl\src\BlackPearl\Component\LightProbeComponent\LightProbeComponent.h", "C++", 0, 0, 58, 0, 0, 0, 0, 0, 0, 15, 21, 94
"d:\AA_LEARN_CODING\LearnOpenGL\BlackPearl-Rendering-Engine\BlackPearl\src\BlackPearl\Component\MeshFilterComponent\CubeMeshFilter.cpp", "C++", 0, 0, 54, 0, 0, 0, 0, 0, 0, 104, 19, 177
"d:\AA_LEARN_CODING\LearnOpenGL\BlackPearl-Rendering-Engine\BlackPearl\src\BlackPearl\Component\MeshFilterComponent\CubeMeshFilter.h", "C++", 0, 0, 14, 0, 0, 0, 0, 0, 0, 0, 3, 17
"d:\AA_LEARN_CODING\LearnOpenGL\BlackPearl-Rendering-Engine\BlackPearl\src\BlackPearl\Component\MeshFilterComponent\MeshFilter.cpp", "C++", 0, 0, 7, 0, 0, 0, 0, 0, 0, 0, 5, 12
"d:\AA_LEARN_CODING\LearnOpenGL\BlackPearl-Rendering-Engine\BlackPearl\src\BlackPearl\Component\MeshFilterComponent\MeshFilter.h", "C++", 0, 0, 18, 0, 0, 0, 0, 0, 0, 0, 5, 23
"d:\AA_LEARN_CODING\LearnOpenGL\BlackPearl-Rendering-Engine\BlackPearl\src\BlackPearl\Component\MeshFilterComponent\PlaneMeshFilter.cpp", "C++", 0, 0, 23, 0, 0, 0, 0, 0, 0, 2, 5, 30
"d:\AA_LEARN_CODING\LearnOpenGL\BlackPearl-Rendering-Engine\BlackPearl\src\BlackPearl\Component\MeshFilterComponent\PlaneMeshFilter.h", "C++", 0, 0, 14, 0, 0, 0, 0, 0, 0, 0, 6, 20
"d:\AA_LEARN_CODING\LearnOpenGL\BlackPearl-Rendering-Engine\BlackPearl\src\BlackPearl\Component\MeshFilterComponent\QuadMeshFilter.cpp", "C++", 0, 0, 18, 0, 0, 0, 0, 0, 0, 1, 11, 30
"d:\AA_LEARN_CODING\LearnOpenGL\BlackPearl-Rendering-Engine\BlackPearl\src\BlackPearl\Component\MeshFilterComponent\QuadMeshFilter.h", "C++", 0, 0, 14, 0, 0, 0, 0, 0, 0, 0, 6, 20
"d:\AA_LEARN_CODING\LearnOpenGL\BlackPearl-Rendering-Engine\BlackPearl\src\BlackPearl\Component\MeshFilterComponent\SkyBoxMeshFilter.cpp", "C++", 0, 0, 49, 0, 0, 0, 0, 0, 0, 48, 8, 105
"d:\AA_LEARN_CODING\LearnOpenGL\BlackPearl-Rendering-Engine\BlackPearl\src\BlackPearl\Component\MeshFilterComponent\SkyBoxMeshFilter.h", "C++", 0, 0, 14, 0, 0, 0, 0, 0, 0, 0, 3, 17
"d:\AA_LEARN_CODING\LearnOpenGL\BlackPearl-Rendering-Engine\BlackPearl\src\BlackPearl\Component\MeshFilterComponent\SphereMeshFilter.cpp", "C++", 0, 0, 56, 0, 0, 0, 0, 0, 0, 5, 16, 77
"d:\AA_LEARN_CODING\LearnOpenGL\BlackPearl-Rendering-Engine\BlackPearl\src\BlackPearl\Component\MeshFilterComponent\SphereMeshFilter.h", "C++", 0, 0, 23, 0, 0, 0, 0, 0, 0, 0, 6, 29
"d:\AA_LEARN_CODING\LearnOpenGL\BlackPearl-Rendering-Engine\BlackPearl\src\BlackPearl\Component\MeshRendererComponent\MeshRenderer.cpp", "C++", 0, 0, 49, 0, 0, 0, 0, 0, 0, 12, 8, 69
"d:\AA_LEARN_CODING\LearnOpenGL\BlackPearl-Rendering-Engine\BlackPearl\src\BlackPearl\Component\MeshRendererComponent\MeshRenderer.h", "C++", 0, 0, 90, 0, 0, 0, 0, 0, 0, 12, 29, 131
"d:\AA_LEARN_CODING\LearnOpenGL\BlackPearl-Rendering-Engine\BlackPearl\src\BlackPearl\Component\TerrainComponent\TerrainComponent.cpp", "C++", 0, 0, 51, 0, 0, 0, 0, 0, 0, 0, 6, 57
"d:\AA_LEARN_CODING\LearnOpenGL\BlackPearl-Rendering-Engine\BlackPearl\src\BlackPearl\Component\TerrainComponent\TerrainComponent.h", "C++", 0, 0, 27, 0, 0, 0, 0, 0, 0, 3, 11, 41
"d:\AA_LEARN_CODING\LearnOpenGL\BlackPearl-Rendering-Engine\BlackPearl\src\BlackPearl\Component\TransformComponent\RayTracingTransform.cpp", "C++", 0, 0, 26, 0, 0, 0, 0, 0, 0, 0, 4, 30
"d:\AA_LEARN_CODING\LearnOpenGL\BlackPearl-Rendering-Engine\BlackPearl\src\BlackPearl\Component\TransformComponent\RayTracingTransform.h", "C++", 0, 0, 30, 0, 0, 0, 0, 0, 0, 0, 7, 37
"d:\AA_LEARN_CODING\LearnOpenGL\BlackPearl-Rendering-Engine\BlackPearl\src\BlackPearl\Component\TransformComponent\Transform.cpp", "C++", 0, 0, 17, 0, 0, 0, 0, 0, 0, 0, 7, 24
"d:\AA_LEARN_CODING\LearnOpenGL\BlackPearl-Rendering-Engine\BlackPearl\src\BlackPearl\Component\TransformComponent\Transform.h", "C++", 0, 0, 37, 0, 0, 0, 0, 0, 0, 0, 15, 52
"d:\AA_LEARN_CODING\LearnOpenGL\BlackPearl-Rendering-Engine\BlackPearl\src\BlackPearl\Config.cpp", "C++", 0, 0, 41, 0, 0, 0, 0, 0, 0, 2, 9, 52
"d:\AA_LEARN_CODING\LearnOpenGL\BlackPearl-Rendering-Engine\BlackPearl\src\BlackPearl\Config.h", "C++", 0, 0, 53, 0, 0, 0, 0, 0, 0, 34, 32, 119
"d:\AA_LEARN_CODING\LearnOpenGL\BlackPearl-Rendering-Engine\BlackPearl\src\BlackPearl\Core.h", "C++", 0, 0, 62, 0, 0, 0, 0, 0, 0, 1, 5, 68
"d:\AA_LEARN_CODING\LearnOpenGL\BlackPearl-Rendering-Engine\BlackPearl\src\BlackPearl\Debugger\D3D12Debugger\HLSLPixDebugger.cpp", "C++", 0, 0, 30, 0, 0, 0, 0, 0, 0, 1, 9, 40
"d:\AA_LEARN_CODING\LearnOpenGL\BlackPearl-Rendering-Engine\BlackPearl\src\BlackPearl\Debugger\D3D12Debugger\HLSLPixDebugger.h", "C++", 0, 0, 8, 0, 0, 0, 0, 0, 0, 5, 5, 18
"d:\AA_LEARN_CODING\LearnOpenGL\BlackPearl-Rendering-Engine\BlackPearl\src\BlackPearl\Entity\Entity.cpp", "C++", 0, 0, 54, 0, 0, 0, 0, 0, 0, 46, 47, 147
"d:\AA_LEARN_CODING\LearnOpenGL\BlackPearl-Rendering-Engine\BlackPearl\src\BlackPearl\Entity\Entity.h", "C++", 0, 0, 77, 0, 0, 0, 0, 0, 0, 7, 32, 116
"d:\AA_LEARN_CODING\LearnOpenGL\BlackPearl-Rendering-Engine\BlackPearl\src\BlackPearl\EntryPoint.h", "C++", 0, 0, 28, 0, 0, 0, 0, 0, 0, 6, 14, 48
"d:\AA_LEARN_CODING\LearnOpenGL\BlackPearl-Rendering-Engine\BlackPearl\src\BlackPearl\Event\Event.h", "C++", 0, 0, 38, 0, 0, 0, 0, 0, 0, 0, 9, 47
"d:\AA_LEARN_CODING\LearnOpenGL\BlackPearl-Rendering-Engine\BlackPearl\src\BlackPearl\Event\KeyEvent.h", "C++", 0, 0, 1, 0, 0, 0, 0, 0, 0, 0, 1, 2
"d:\AA_LEARN_CODING\LearnOpenGL\BlackPearl-Rendering-Engine\BlackPearl\src\BlackPearl\Event\MouseEvent.h", "C++", 0, 0, 23, 0, 0, 0, 0, 0, 0, 0, 6, 29
"d:\AA_LEARN_CODING\LearnOpenGL\BlackPearl-Rendering-Engine\BlackPearl\src\BlackPearl\ImGui\ImGuiBuild.cpp", "C++", 0, 0, 4, 0, 0, 0, 0, 0, 0, 0, 1, 5
"d:\AA_LEARN_CODING\LearnOpenGL\BlackPearl-Rendering-Engine\BlackPearl\src\BlackPearl\ImGui\ImGuiLayer.cpp", "C++", 0, 0, 64, 0, 0, 0, 0, 0, 0, 9, 17, 90
"d:\AA_LEARN_CODING\LearnOpenGL\BlackPearl-Rendering-Engine\BlackPearl\src\BlackPearl\ImGui\ImGuiLayer.h", "C++", 0, 0, 18, 0, 0, 0, 0, 0, 0, 0, 7, 25
"d:\AA_LEARN_CODING\LearnOpenGL\BlackPearl-Rendering-Engine\BlackPearl\src\BlackPearl\Input.cpp", "C++", 0, 0, 29, 0, 0, 0, 0, 0, 0, 0, 5, 34
"d:\AA_LEARN_CODING\LearnOpenGL\BlackPearl-Rendering-Engine\BlackPearl\src\BlackPearl\Input.h", "C++", 0, 0, 16, 0, 0, 0, 0, 0, 0, 0, 3, 19
"d:\AA_LEARN_CODING\LearnOpenGL\BlackPearl-Rendering-Engine\BlackPearl\src\BlackPearl\KeyCodes.cpp", "C++", 0, 0, 159, 0, 0, 0, 0, 0, 0, 1, 3, 163
"d:\AA_LEARN_CODING\LearnOpenGL\BlackPearl-Rendering-Engine\BlackPearl\src\BlackPearl\KeyCodes.h", "C++", 0, 0, 143, 0, 0, 0, 0, 0, 0, 3, 21, 167
"d:\AA_LEARN_CODING\LearnOpenGL\BlackPearl-Rendering-Engine\BlackPearl\src\BlackPearl\LayerScene\Layer.cpp", "C++", 0, 0, 1185, 0, 0, 0, 0, 0, 0, 136, 299, 1620
"d:\AA_LEARN_CODING\LearnOpenGL\BlackPearl-Rendering-Engine\BlackPearl\src\BlackPearl\LayerScene\Layer.h", "C++", 0, 0, 186, 0, 0, 0, 0, 0, 0, 20, 54, 260
"d:\AA_LEARN_CODING\LearnOpenGL\BlackPearl-Rendering-Engine\BlackPearl\src\BlackPearl\LayerScene\LayerManager.cpp", "C++", 0, 0, 28, 0, 0, 0, 0, 0, 0, 1, 9, 38
"d:\AA_LEARN_CODING\LearnOpenGL\BlackPearl-Rendering-Engine\BlackPearl\src\BlackPearl\LayerScene\LayerManager.h", "C++", 0, 0, 25, 0, 0, 0, 0, 0, 0, 4, 11, 40
"d:\AA_LEARN_CODING\LearnOpenGL\BlackPearl-Rendering-Engine\BlackPearl\src\BlackPearl\LayerStack.cpp", "C++", 0, 0, 37, 0, 0, 0, 0, 0, 0, 4, 8, 49
"d:\AA_LEARN_CODING\LearnOpenGL\BlackPearl-Rendering-Engine\BlackPearl\src\BlackPearl\LayerStack.h", "C++", 0, 0, 21, 0, 0, 0, 0, 0, 0, 1, 11, 33
"d:\AA_LEARN_CODING\LearnOpenGL\BlackPearl-Rendering-Engine\BlackPearl\src\BlackPearl\LightProbes\LightProbes.cpp", "C++", 0, 0, 30, 0, 0, 0, 0, 0, 0, 8, 11, 49
"d:\AA_LEARN_CODING\LearnOpenGL\BlackPearl-Rendering-Engine\BlackPearl\src\BlackPearl\LightProbes\LightProbes.h", "C++", 0, 0, 53, 0, 0, 0, 0, 0, 0, 17, 23, 93
"d:\AA_LEARN_CODING\LearnOpenGL\BlackPearl-Rendering-Engine\BlackPearl\src\BlackPearl\LightProbes\SphericalHarmonics.cpp", "C++", 0, 0, 115, 0, 0, 0, 0, 0, 0, 20, 29, 164
"d:\AA_LEARN_CODING\LearnOpenGL\BlackPearl-Rendering-Engine\BlackPearl\src\BlackPearl\LightProbes\SphericalHarmonics.h", "C++", 0, 0, 14, 0, 0, 0, 0, 0, 0, 14, 9, 37
"d:\AA_LEARN_CODING\LearnOpenGL\BlackPearl-Rendering-Engine\BlackPearl\src\BlackPearl\Log.cpp", "C++", 0, 0, 16, 0, 0, 0, 0, 0, 0, 0, 8, 24
"d:\AA_LEARN_CODING\LearnOpenGL\BlackPearl-Rendering-Engine\BlackPearl\src\BlackPearl\Log.h", "C++", 0, 0, 143, 0, 0, 0, 0, 0, 0, 5, 22, 170
"d:\AA_LEARN_CODING\LearnOpenGL\BlackPearl-Rendering-Engine\BlackPearl\src\BlackPearl\Luanch\EngineLoop.cpp", "C++", 0, 0, 16, 0, 0, 0, 0, 0, 0, 0, 7, 23
"d:\AA_LEARN_CODING\LearnOpenGL\BlackPearl-Rendering-Engine\BlackPearl\src\BlackPearl\Luanch\Luanch.cpp", "C++", 0, 0, 12, 0, 0, 0, 0, 0, 0, 0, 2, 14
"d:\AA_LEARN_CODING\LearnOpenGL\BlackPearl-Rendering-Engine\BlackPearl\src\BlackPearl\Luanch\Luanch.h", "C++", 0, 0, 7, 0, 0, 0, 0, 0, 0, 0, 1, 8
"d:\AA_LEARN_CODING\LearnOpenGL\BlackPearl-Rendering-Engine\BlackPearl\src\BlackPearl\MainCamera\MainCamera.cpp", "C++", 0, 0, 74, 0, 0, 0, 0, 0, 0, 0, 11, 85
"d:\AA_LEARN_CODING\LearnOpenGL\BlackPearl-Rendering-Engine\BlackPearl\src\BlackPearl\MainCamera\MainCamera.h", "C++", 0, 0, 35, 0, 0, 0, 0, 0, 0, 1, 8, 44
"d:\AA_LEARN_CODING\LearnOpenGL\BlackPearl-Rendering-Engine\BlackPearl\src\BlackPearl\Map\Area.cpp", "C++", 0, 0, 12, 0, 0, 0, 0, 0, 0, 0, 6, 18
"d:\AA_LEARN_CODING\LearnOpenGL\BlackPearl-Rendering-Engine\BlackPearl\src\BlackPearl\Map\Area.h", "C++", 0, 0, 26, 0, 0, 0, 0, 0, 0, 0, 2, 28
"d:\AA_LEARN_CODING\LearnOpenGL\BlackPearl-Rendering-Engine\BlackPearl\src\BlackPearl\Map\MapManager.cpp", "C++", 0, 0, 188, 0, 0, 0, 0, 0, 0, 27, 14, 229
"d:\AA_LEARN_CODING\LearnOpenGL\BlackPearl-Rendering-Engine\BlackPearl\src\BlackPearl\Map\MapManager.h", "C++", 0, 0, 46, 0, 0, 0, 0, 0, 0, 3, 9, 58
"d:\AA_LEARN_CODING\LearnOpenGL\BlackPearl-Rendering-Engine\BlackPearl\src\BlackPearl\Math\Math.cpp", "C++", 0, 0, 27, 0, 0, 0, 0, 0, 0, 0, 10, 37
"d:\AA_LEARN_CODING\LearnOpenGL\BlackPearl-Rendering-Engine\BlackPearl\src\BlackPearl\Math\Math.h", "C++", 0, 0, 50, 0, 0, 0, 0, 0, 0, 1, 10, 61
"d:\AA_LEARN_CODING\LearnOpenGL\BlackPearl-Rendering-Engine\BlackPearl\src\BlackPearl\Math\Quaternion.cpp", "C++", 0, 0, 2, 0, 0, 0, 0, 0, 0, 0, 1, 3
"d:\AA_LEARN_CODING\LearnOpenGL\BlackPearl-Rendering-Engine\BlackPearl\src\BlackPearl\Math\Quaternion.h", "C++", 0, 0, 6, 0, 0, 0, 0, 0, 0, 0, 2, 8
"d:\AA_LEARN_CODING\LearnOpenGL\BlackPearl-Rendering-Engine\BlackPearl\src\BlackPearl\Node\BatchNode.cpp", "C++", 0, 0, 66, 0, 0, 0, 0, 0, 0, 6, 18, 90
"d:\AA_LEARN_CODING\LearnOpenGL\BlackPearl-Rendering-Engine\BlackPearl\src\BlackPearl\Node\BatchNode.h", "C++", 0, 0, 27, 0, 0, 0, 0, 0, 0, 1, 6, 34
"d:\AA_LEARN_CODING\LearnOpenGL\BlackPearl-Rendering-Engine\BlackPearl\src\BlackPearl\Node\InstanceNode.cpp", "C++", 0, 0, 8, 0, 0, 0, 0, 0, 0, 0, 0, 8
"d:\AA_LEARN_CODING\LearnOpenGL\BlackPearl-Rendering-Engine\BlackPearl\src\BlackPearl\Node\InstanceNode.h", "C++", 0, 0, 9, 0, 0, 0, 0, 0, 0, 0, 3, 12
"d:\AA_LEARN_CODING\LearnOpenGL\BlackPearl-Rendering-Engine\BlackPearl\src\BlackPearl\Node\Node.cpp", "C++", 0, 0, 7, 0, 0, 0, 0, 0, 0, 0, 5, 12
"d:\AA_LEARN_CODING\LearnOpenGL\BlackPearl-Rendering-Engine\BlackPearl\src\BlackPearl\Node\Node.h", "C++", 0, 0, 26, 0, 0, 0, 0, 0, 0, 1, 9, 36
"d:\AA_LEARN_CODING\LearnOpenGL\BlackPearl-Rendering-Engine\BlackPearl\src\BlackPearl\Node\SingleNode.cpp", "C++", 0, 0, 34, 0, 0, 0, 0, 0, 0, 0, 4, 38
"d:\AA_LEARN_CODING\LearnOpenGL\BlackPearl-Rendering-Engine\BlackPearl\src\BlackPearl\Node\SingleNode.h", "C++", 0, 0, 21, 0, 0, 0, 0, 0, 0, 0, 4, 25
"d:\AA_LEARN_CODING\LearnOpenGL\BlackPearl-Rendering-Engine\BlackPearl\src\BlackPearl\ObjectCreater\ObjectCreater.cpp", "C++", 0, 0, 303, 0, 0, 0, 0, 0, 0, 17, 46, 366
"d:\AA_LEARN_CODING\LearnOpenGL\BlackPearl-Rendering-Engine\BlackPearl\src\BlackPearl\ObjectCreater\ObjectCreater.h", "C++", 0, 0, 53, 0, 0, 0, 0, 0, 0, 16, 16, 85
"d:\AA_LEARN_CODING\LearnOpenGL\BlackPearl-Rendering-Engine\BlackPearl\src\BlackPearl\ObjectManager\ObjectManager.cpp", "C++", 0, 0, 336, 0, 0, 0, 0, 0, 0, 74, 60, 470
"d:\AA_LEARN_CODING\LearnOpenGL\BlackPearl-Rendering-Engine\BlackPearl\src\BlackPearl\ObjectManager\ObjectManager.h", "C++", 0, 0, 65, 0, 0, 0, 0, 0, 0, 5, 12, 82
"d:\AA_LEARN_CODING\LearnOpenGL\BlackPearl-Rendering-Engine\BlackPearl\src\BlackPearl\Object\Object.cpp", "C++", 0, 0, 60, 0, 0, 0, 0, 0, 0, 22, 25, 107
"d:\AA_LEARN_CODING\LearnOpenGL\BlackPearl-Rendering-Engine\BlackPearl\src\BlackPearl\Object\Object.h", "C++", 0, 0, 99, 0, 0, 0, 0, 0, 0, 4, 28, 131
"d:\AA_LEARN_CODING\LearnOpenGL\BlackPearl-Rendering-Engine\BlackPearl\src\BlackPearl\RHI\D3D12Defines.h", "C++", 0, 0, 2, 0, 0, 0, 0, 0, 0, 0, 1, 3
"d:\AA_LEARN_CODING\LearnOpenGL\BlackPearl-Rendering-Engine\BlackPearl\src\BlackPearl\RHI\D3D12RHI\D3D12DeviceResources.cpp", "C++", 0, 0, 462, 0, 0, 0, 0, 0, 0, 65, 80, 607
"d:\AA_LEARN_CODING\LearnOpenGL\BlackPearl-Rendering-Engine\BlackPearl\src\BlackPearl\RHI\D3D12RHI\D3D12DeviceResources.h", "C++", 0, 0, 130, 0, 0, 0, 0, 0, 0, 27, 21, 178
"d:\AA_LEARN_CODING\LearnOpenGL\BlackPearl-Rendering-Engine\BlackPearl\src\BlackPearl\RHI\D3D12RHI\D3D12DynamicModule.cpp", "C++", 0, 0, 14, 0, 0, 0, 0, 0, 0, 0, 3, 17
"d:\AA_LEARN_CODING\LearnOpenGL\BlackPearl-Rendering-Engine\BlackPearl\src\BlackPearl\RHI\D3D12RHI\D3D12DynamicModule.h", "C++", 0, 0, 10, 0, 0, 0, 0, 0, 0, 0, 4, 14
"d:\AA_LEARN_CODING\LearnOpenGL\BlackPearl-Rendering-Engine\BlackPearl\src\BlackPearl\RHI\D3D12RHI\D3D12DynamicRHI.cpp", "C++", 0, 0, 12, 0, 0, 0, 0, 0, 0, 0, 6, 18
"d:\AA_LEARN_CODING\LearnOpenGL\BlackPearl-Rendering-Engine\BlackPearl\src\BlackPearl\RHI\D3D12RHI\D3D12DynamicRHI.h", "C++", 0, 0, 18, 0, 0, 0, 0, 0, 0, 0, 7, 25
"d:\AA_LEARN_CODING\LearnOpenGL\BlackPearl-Rendering-Engine\BlackPearl\src\BlackPearl\RHI\D3D12RHI\D3D12GlobalRootSignature.cpp", "C++", 0, 0, 4, 0, 0, 0, 0, 0, 0, 0, 1, 5
"d:\AA_LEARN_CODING\LearnOpenGL\BlackPearl-Rendering-Engine\BlackPearl\src\BlackPearl\RHI\D3D12RHI\D3D12GlobalRootSignature.h", "C++", 0, 0, 41, 0, 0, 0, 0, 0, 0, 0, 9, 50
"d:\AA_LEARN_CODING\LearnOpenGL\BlackPearl-Rendering-Engine\BlackPearl\src\BlackPearl\RHI\D3D12RHI\D3D12LocalRootSignature.h", "C++", 0, 0, 46, 0, 0, 0, 0, 0, 0, 6, 9, 61
"d:\AA_LEARN_CODING\LearnOpenGL\BlackPearl-Rendering-Engine\BlackPearl\src\BlackPearl\RHI\D3D12RHI\D3D12Logger.cpp", "C++", 0, 0, 24, 0, 0, 0, 0, 0, 0, 0, 9, 33
"d:\AA_LEARN_CODING\LearnOpenGL\BlackPearl-Rendering-Engine\BlackPearl\src\BlackPearl\RHI\D3D12RHI\D3D12Logger.h", "C++", 0, 0, 80, 0, 0, 0, 0, 0, 0, 6, 15, 101
"d:\AA_LEARN_CODING\LearnOpenGL\BlackPearl-Rendering-Engine\BlackPearl\src\BlackPearl\RHI\D3D12RHI\D3D12ModelLoader.cpp", "C++", 0, 0, 203, 0, 0, 0, 0, 0, 0, 58, 61, 322
"d:\AA_LEARN_CODING\LearnOpenGL\BlackPearl-Rendering-Engine\BlackPearl\src\BlackPearl\RHI\D3D12RHI\D3D12ModelLoader.h", "C++", 0, 0, 18, 0, 0, 0, 0, 0, 0, 1, 5, 24
"d:\AA_LEARN_CODING\LearnOpenGL\BlackPearl-Rendering-Engine\BlackPearl\src\BlackPearl\RHI\D3D12RHI\D3D12RootSignature.cpp", "C++", 0, 0, 4, 0, 0, 0, 0, 0, 0, 0, 2, 6
"d:\AA_LEARN_CODING\LearnOpenGL\BlackPearl-Rendering-Engine\BlackPearl\src\BlackPearl\RHI\D3D12RHI\D3D12RootSignature.h", "C++", 0, 0, 56, 0, 0, 0, 0, 0, 0, 2, 8, 66
"d:\AA_LEARN_CODING\LearnOpenGL\BlackPearl-Rendering-Engine\BlackPearl\src\BlackPearl\RHI\D3D12RHI\D3D12VertexBuffer.cpp", "C++", 0, 0, 4, 0, 0, 0, 0, 0, 0, 0, 2, 6
"d:\AA_LEARN_CODING\LearnOpenGL\BlackPearl-Rendering-Engine\BlackPearl\src\BlackPearl\RHI\D3D12RHI\D3D12VertexBuffer.h", "C++", 0, 0, 6, 0, 0, 0, 0, 0, 0, 55, 2, 63
"d:\AA_LEARN_CODING\LearnOpenGL\BlackPearl-Rendering-Engine\BlackPearl\src\BlackPearl\RHI\D3D12RHI\D3D12Window.cpp", "C++", 0, 0, 150, 0, 0, 0, 0, 0, 0, 3, 15, 168
"d:\AA_LEARN_CODING\LearnOpenGL\BlackPearl-Rendering-Engine\BlackPearl\src\BlackPearl\RHI\D3D12RHI\D3D12Window.h", "C++", 0, 0, 39, 0, 0, 0, 0, 0, 0, 0, 8, 47
"d:\AA_LEARN_CODING\LearnOpenGL\BlackPearl-Rendering-Engine\BlackPearl\src\BlackPearl\RHI\D3D12RHI\DirectXRaytracingHelper.h", "C++", 0, 0, 186, 0, 0, 0, 0, 0, 0, 35, 19, 240
"d:\AA_LEARN_CODING\LearnOpenGL\BlackPearl-Rendering-Engine\BlackPearl\src\BlackPearl\RHI\D3D12RHI\d3dx12.h", "C++", 0, 0, 3673, 0, 0, 0, 0, 0, 0, 177, 203, 4053
"d:\AA_LEARN_CODING\LearnOpenGL\BlackPearl-Rendering-Engine\BlackPearl\src\BlackPearl\RHI\DynamicModule.cpp", "C++", 0, 0, 2, 0, 0, 0, 0, 0, 0, 0, 1, 3
"d:\AA_LEARN_CODING\LearnOpenGL\BlackPearl-Rendering-Engine\BlackPearl\src\BlackPearl\RHI\DynamicModule.h", "C++", 0, 0, 10, 0, 0, 0, 0, 0, 0, 1, 4, 15
"d:\AA_LEARN_CODING\LearnOpenGL\BlackPearl-Rendering-Engine\BlackPearl\src\BlackPearl\RHI\DynamicRHI.cpp", "C++", 0, 0, 31, 0, 0, 0, 0, 0, 0, 5, 7, 43
"d:\AA_LEARN_CODING\LearnOpenGL\BlackPearl-Rendering-Engine\BlackPearl\src\BlackPearl\RHI\DynamicRHI.h", "C++", 0, 0, 24, 0, 0, 0, 0, 0, 0, 4, 5, 33
"d:\AA_LEARN_CODING\LearnOpenGL\BlackPearl-Rendering-Engine\BlackPearl\src\BlackPearl\RHI\OpenGLRHI\OpenGLDynamicModule.cpp", "C++", 0, 0, 14, 0, 0, 0, 0, 0, 0, 0, 4, 18
"d:\AA_LEARN_CODING\LearnOpenGL\BlackPearl-Rendering-Engine\BlackPearl\src\BlackPearl\RHI\OpenGLRHI\OpenGLDynamicModule.h", "C++", 0, 0, 9, 0, 0, 0, 0, 0, 0, 0, 4, 13
"d:\AA_LEARN_CODING\LearnOpenGL\BlackPearl-Rendering-Engine\BlackPearl\src\BlackPearl\RHI\OpenGLRHI\OpenGLDynamicRHI.cpp", "C++", 0, 0, 14, 0, 0, 0, 0, 0, 0, 3, 5, 22
"d:\AA_LEARN_CODING\LearnOpenGL\BlackPearl-Rendering-Engine\BlackPearl\src\BlackPearl\RHI\OpenGLRHI\OpenGLDynamicRHI.h", "C++", 0, 0, 13, 0, 0, 0, 0, 0, 0, 3, 3, 19
"d:\AA_LEARN_CODING\LearnOpenGL\BlackPearl-Rendering-Engine\BlackPearl\src\BlackPearl\RHI\OpenGLRHI\OpenGLLogger.cpp", "C++", 0, 0, 4, 0, 0, 0, 0, 0, 0, 1, 2, 7
"d:\AA_LEARN_CODING\LearnOpenGL\BlackPearl-Rendering-Engine\BlackPearl\src\BlackPearl\RHI\OpenGLRHI\OpenGLLogger.h", "C++", 0, 0, 23, 0, 0, 0, 0, 0, 0, 3, 3, 29
"d:\AA_LEARN_CODING\LearnOpenGL\BlackPearl-Rendering-Engine\BlackPearl\src\BlackPearl\RHI\OpenGLRHI\OpenGLModelLoader.cpp", "C++", 0, 0, 25, 0, 0, 0, 0, 0, 0, 0, 8, 33
"d:\AA_LEARN_CODING\LearnOpenGL\BlackPearl-Rendering-Engine\BlackPearl\src\BlackPearl\RHI\OpenGLRHI\OpenGLModelLoader.h", "C++", 0, 0, 18, 0, 0, 0, 0, 0, 0, 2, 2, 22
"d:\AA_LEARN_CODING\LearnOpenGL\BlackPearl-Rendering-Engine\BlackPearl\src\BlackPearl\RHI\OpenGLRHI\OpenGLWindow.cpp", "C++", 0, 0, 77, 0, 0, 0, 0, 0, 0, 5, 9, 91
"d:\AA_LEARN_CODING\LearnOpenGL\BlackPearl-Rendering-Engine\BlackPearl\src\BlackPearl\RHI\OpenGLRHI\OpenGLWindow.h", "C++", 0, 0, 24, 0, 0, 0, 0, 0, 0, 0, 7, 31
"d:\AA_LEARN_CODING\LearnOpenGL\BlackPearl-Rendering-Engine\BlackPearl\src\BlackPearl\RayTracing\GenData.cpp", "C++", 0, 0, 18, 0, 0, 0, 0, 0, 0, 0, 9, 27
"d:\AA_LEARN_CODING\LearnOpenGL\BlackPearl-Rendering-Engine\BlackPearl\src\BlackPearl\RayTracing\GenData.h", "C++", 0, 0, 25, 0, 0, 0, 0, 0, 0, 0, 5, 30
"d:\AA_LEARN_CODING\LearnOpenGL\BlackPearl-Rendering-Engine\BlackPearl\src\BlackPearl\RayTracing\GenData_HV.cpp", "C++", 0, 0, 231, 0, 0, 0, 0, 0, 0, 11, 49, 291
"d:\AA_LEARN_CODING\LearnOpenGL\BlackPearl-Rendering-Engine\BlackPearl\src\BlackPearl\RayTracing\GenData_HV.h", "C++", 0, 0, 24, 0, 0, 0, 0, 0, 0, 0, 8, 32
"d:\AA_LEARN_CODING\LearnOpenGL\BlackPearl-Rendering-Engine\BlackPearl\src\BlackPearl\RayTracing\GenData_MV.cpp", "C++", 0, 0, 95, 0, 0, 0, 0, 0, 0, 1, 30, 126
"d:\AA_LEARN_CODING\LearnOpenGL\BlackPearl-Rendering-Engine\BlackPearl\src\BlackPearl\RayTracing\GenData_MV.h", "C++", 0, 0, 25, 0, 0, 0, 0, 0, 0, 0, 6, 31
"d:\AA_LEARN_CODING\LearnOpenGL\BlackPearl-Rendering-Engine\BlackPearl\src\BlackPearl\RayTracing\GenData_TV.cpp", "C++", 0, 0, 66, 0, 0, 0, 0, 0, 0, 0, 25, 91
"d:\AA_LEARN_CODING\LearnOpenGL\BlackPearl-Rendering-Engine\BlackPearl\src\BlackPearl\RayTracing\GenData_TV.h", "C++", 0, 0, 29, 0, 0, 0, 0, 0, 0, 2, 8, 39
"d:\AA_LEARN_CODING\LearnOpenGL\BlackPearl-Rendering-Engine\BlackPearl\src\BlackPearl\RayTracing\Group.cpp", "C++", 0, 0, 21, 0, 0, 0, 0, 0, 0, 0, 3, 24
"d:\AA_LEARN_CODING\LearnOpenGL\BlackPearl-Rendering-Engine\BlackPearl\src\BlackPearl\RayTracing\Group.h", "C++", 0, 0, 19, 0, 0, 0, 0, 0, 0, 1, 2, 22
"d:\AA_LEARN_CODING\LearnOpenGL\BlackPearl-Rendering-Engine\BlackPearl\src\BlackPearl\RayTracing\HitRst.cpp", "C++", 0, 0, 2, 0, 0, 0, 0, 0, 0, 0, 1, 3
"d:\AA_LEARN_CODING\LearnOpenGL\BlackPearl-Rendering-Engine\BlackPearl\src\BlackPearl\RayTracing\HitRst.h", "C++", 0, 0, 26, 0, 0, 0, 0, 0, 0, 1, 8, 35
"d:\AA_LEARN_CODING\LearnOpenGL\BlackPearl-Rendering-Engine\BlackPearl\src\BlackPearl\RayTracing\Hitable.cpp", "C++", 0, 0, 7, 0, 0, 0, 0, 0, 0, 0, 0, 7
"d:\AA_LEARN_CODING\LearnOpenGL\BlackPearl-Rendering-Engine\BlackPearl\src\BlackPearl\RayTracing\Hitable.h", "C++", 0, 0, 13, 0, 0, 0, 0, 0, 0, 0, 5, 18
"d:\AA_LEARN_CODING\LearnOpenGL\BlackPearl-Rendering-Engine\BlackPearl\src\BlackPearl\RayTracing\Ray.cpp", "C++", 0, 0, 25, 0, 0, 0, 0, 0, 0, 0, 10, 35
"d:\AA_LEARN_CODING\LearnOpenGL\BlackPearl-Rendering-Engine\BlackPearl\src\BlackPearl\RayTracing\Ray.h", "C++", 0, 0, 20, 0, 0, 0, 0, 0, 0, 0, 4, 24
"d:\AA_LEARN_CODING\LearnOpenGL\BlackPearl-Rendering-Engine\BlackPearl\src\BlackPearl\RayTracing\RayCastFunction.cpp", "C++", 0, 0, 12, 0, 0, 0, 0, 0, 0, 0, 3, 15
"d:\AA_LEARN_CODING\LearnOpenGL\BlackPearl-Rendering-Engine\BlackPearl\src\BlackPearl\RayTracing\RayCastFunction.h", "C++", 0, 0, 7, 0, 0, 0, 0, 0, 0, 1, 5, 13
"d:\AA_LEARN_CODING\LearnOpenGL\BlackPearl-Rendering-Engine\BlackPearl\src\BlackPearl\RayTracing\Triangle.cpp", "C++", 0, 0, 36, 0, 0, 0, 0, 0, 0, 0, 9, 45
"d:\AA_LEARN_CODING\LearnOpenGL\BlackPearl-Rendering-Engine\BlackPearl\src\BlackPearl\RayTracing\Triangle.h", "C++", 0, 0, 20, 0, 0, 0, 0, 0, 0, 0, 5, 25
"d:\AA_LEARN_CODING\LearnOpenGL\BlackPearl-Rendering-Engine\BlackPearl\src\BlackPearl\RayTracing\Vertex.cpp", "C++", 0, 0, 2, 0, 0, 0, 0, 0, 0, 0, 1, 3
"d:\AA_LEARN_CODING\LearnOpenGL\BlackPearl-Rendering-Engine\BlackPearl\src\BlackPearl\RayTracing\Vertex.h", "C++", 0, 0, 11, 0, 0, 0, 0, 0, 0, 0, 6, 17
"d:\AA_LEARN_CODING\LearnOpenGL\BlackPearl-Rendering-Engine\BlackPearl\src\BlackPearl\Renderer\Batch\Batch.cpp", "C++", 0, 0, 231, 0, 0, 0, 0, 0, 0, 39, 53, 323
"d:\AA_LEARN_CODING\LearnOpenGL\BlackPearl-Rendering-Engine\BlackPearl\src\BlackPearl\Renderer\Batch\Batch.h", "C++", 0, 0, 85, 0, 0, 0, 0, 0, 0, 2, 22, 109
"d:\AA_LEARN_CODING\LearnOpenGL\BlackPearl-Rendering-Engine\BlackPearl\src\BlackPearl\Renderer\Buffer\Buffer.cpp", "C++", 0, 0, 348, 0, 0, 0, 0, 0, 0, 44, 80, 472
"d:\AA_LEARN_CODING\LearnOpenGL\BlackPearl-Rendering-Engine\BlackPearl\src\BlackPearl\Renderer\Buffer\Buffer.h", "C++", 0, 0, 297, 0, 0, 0, 0, 0, 0, 15, 57, 369
"d:\AA_LEARN_CODING\LearnOpenGL\BlackPearl-Rendering-Engine\BlackPearl\src\BlackPearl\Renderer\Buffer\D3D12Buffer\ConstantBuffer.h", "C++", 0, 0, 32, 0, 0, 0, 0, 0, 0, 1, 6, 39
"d:\AA_LEARN_CODING\LearnOpenGL\BlackPearl-Rendering-Engine\BlackPearl\src\BlackPearl\Renderer\Buffer\D3D12Buffer\D3D12Buffer.cpp", "C++", 0, 0, 4, 0, 0, 0, 0, 0, 0, 10, 3, 17
"d:\AA_LEARN_CODING\LearnOpenGL\BlackPearl-Rendering-Engine\BlackPearl\src\BlackPearl\Renderer\Buffer\D3D12Buffer\D3D12Buffer.h", "C++", 0, 0, 138, 0, 0, 0, 0, 0, 0, 35, 27, 200
"d:\AA_LEARN_CODING\LearnOpenGL\BlackPearl-Rendering-Engine\BlackPearl\src\BlackPearl\Renderer\Buffer\D3D12Buffer\GpuUploadBuffer.h", "C++", 0, 0, 43, 0, 0, 0, 0, 0, 0, 1, 7, 51
"d:\AA_LEARN_CODING\LearnOpenGL\BlackPearl-Rendering-Engine\BlackPearl\src\BlackPearl\Renderer\Buffer\D3D12Buffer\StructuredBuffer.h", "C++", 0, 0, 36, 0, 0, 0, 0, 0, 0, 1, 5, 42
"d:\AA_LEARN_CODING\LearnOpenGL\BlackPearl-Rendering-Engine\BlackPearl\src\BlackPearl\Renderer\Context.cpp", "C++", 0, 0, 30, 0, 0, 0, 0, 0, 0, 1, 6, 37
"d:\AA_LEARN_CODING\LearnOpenGL\BlackPearl-Rendering-Engine\BlackPearl\src\BlackPearl\Renderer\Context.h", "C++", 0, 0, 14, 0, 0, 0, 0, 0, 0, 0, 5, 19
"d:\AA_LEARN_CODING\LearnOpenGL\BlackPearl-Rendering-Engine\BlackPearl\src\BlackPearl\Renderer\MasterRenderer\AnimatedModelRenderer.cpp", "C++", 0, 0, 62, 0, 0, 0, 0, 0, 0, 0, 12, 74
"d:\AA_LEARN_CODING\LearnOpenGL\BlackPearl-Rendering-Engine\BlackPearl\src\BlackPearl\Renderer\MasterRenderer\AnimatedModelRenderer.h", "C++", 0, 0, 25, 0, 0, 0, 0, 0, 0, 0, 9, 34
"d:\AA_LEARN_CODING\LearnOpenGL\BlackPearl-Rendering-Engine\BlackPearl\src\BlackPearl\Renderer\MasterRenderer\BasicRenderer.cpp", "C++", 0, 0, 398, 0, 0, 0, 0, 0, 0, 38, 102, 538
"d:\AA_LEARN_CODING\LearnOpenGL\BlackPearl-Rendering-Engine\BlackPearl\src\BlackPearl\Renderer\MasterRenderer\BasicRenderer.h", "C++", 0, 0, 35, 0, 0, 0, 0, 0, 0, 6, 9, 50
"d:\AA_LEARN_CODING\LearnOpenGL\BlackPearl-Rendering-Engine\BlackPearl\src\BlackPearl\Renderer\MasterRenderer\BatchRenderer.cpp", "C++", 0, 0, 16, 0, 0, 0, 0, 0, 0, 0, 5, 21
"d:\AA_LEARN_CODING\LearnOpenGL\BlackPearl-Rendering-Engine\BlackPearl\src\BlackPearl\Renderer\MasterRenderer\BatchRenderer.h", "C++", 0, 0, 13, 0, 0, 0, 0, 0, 0, 2, 10, 25
"d:\AA_LEARN_CODING\LearnOpenGL\BlackPearl-Rendering-Engine\BlackPearl\src\BlackPearl\Renderer\MasterRenderer\D3D12BasicRenderer.cpp", "C++", 0, 0, 265, 0, 0, 0, 0, 0, 0, 45, 55, 365
"d:\AA_LEARN_CODING\LearnOpenGL\BlackPearl-Rendering-Engine\BlackPearl\src\BlackPearl\Renderer\MasterRenderer\D3D12BasicRenderer.h", "C++", 0, 0, 55, 0, 0, 0, 0, 0, 0, 3, 13, 71
"d:\AA_LEARN_CODING\LearnOpenGL\BlackPearl-Rendering-Engine\BlackPearl\src\BlackPearl\Renderer\MasterRenderer\D3D12MeshShaderRenderer.cpp", "C++", 0, 0, 658, 0, 0, 0, 0, 0, 0, 65, 168, 891
"d:\AA_LEARN_CODING\LearnOpenGL\BlackPearl-Rendering-Engine\BlackPearl\src\BlackPearl\Renderer\MasterRenderer\D3D12MeshShaderRenderer.h", "C++", 0, 0, 84, 0, 0, 0, 0, 0, 0, 2, 17, 103
"d:\AA_LEARN_CODING\LearnOpenGL\BlackPearl-Rendering-Engine\BlackPearl\src\BlackPearl\Renderer\MasterRenderer\D3D12RayTracingCubeRenderer.cpp", "C++", 0, 0, 534, 0, 0, 0, 0, 0, 0, 121, 146, 801
"d:\AA_LEARN_CODING\LearnOpenGL\BlackPearl-Rendering-Engine\BlackPearl\src\BlackPearl\Renderer\MasterRenderer\D3D12RayTracingCubeRenderer.h", "C++", 0, 0, 107, 0, 0, 0, 0, 0, 0, 15, 33, 155
"d:\AA_LEARN_CODING\LearnOpenGL\BlackPearl-Rendering-Engine\BlackPearl\src\BlackPearl\Renderer\MasterRenderer\D3D12RayTracingModelRenderer.cpp", "C++", 0, 0, 735, 0, 0, 0, 0, 0, 0, 167, 180, 1082
"d:\AA_LEARN_CODING\LearnOpenGL\BlackPearl-Rendering-Engine\BlackPearl\src\BlackPearl\Renderer\MasterRenderer\D3D12RayTracingModelRenderer.h", "C++", 0, 0, 100, 0, 0, 0, 0, 0, 0, 17, 41, 158
"d:\AA_LEARN_CODING\LearnOpenGL\BlackPearl-Rendering-Engine\BlackPearl\src\BlackPearl\Renderer\MasterRenderer\D3D12RayTracingRenderer.cpp", "C++", 0, 0, 431, 0, 0, 0, 0, 0, 0, 94, 100, 625
"d:\AA_LEARN_CODING\LearnOpenGL\BlackPearl-Rendering-Engine\BlackPearl\src\BlackPearl\Renderer\MasterRenderer\D3D12RayTracingRenderer.h", "C++", 0, 0, 84, 0, 0, 0, 0, 0, 0, 12, 24, 120
"d:\AA_LEARN_CODING\LearnOpenGL\BlackPearl-Rendering-Engine\BlackPearl\src\BlackPearl\Renderer\MasterRenderer\D3D12Renderer.cpp", "C++", 0, 0, 17, 0, 0, 0, 0, 0, 0, 0, 4, 21
"d:\AA_LEARN_CODING\LearnOpenGL\BlackPearl-Rendering-Engine\BlackPearl\src\BlackPearl\Renderer\MasterRenderer\D3D12Renderer.h", "C++", 0, 0, 15, 0, 0, 0, 0, 0, 0, 0, 8, 23
"d:\AA_LEARN_CODING\LearnOpenGL\BlackPearl-Rendering-Engine\BlackPearl\src\BlackPearl\Renderer\MasterRenderer\GBufferRenderer.cpp", "C++", 0, 0, 402, 0, 0, 0, 0, 0, 0, 172, 187, 761
"d:\AA_LEARN_CODING\LearnOpenGL\BlackPearl-Rendering-Engine\BlackPearl\src\BlackPearl\Renderer\MasterRenderer\GBufferRenderer.h", "C++", 0, 0, 63, 0, 0, 0, 0, 0, 0, 14, 25, 102
"d:\AA_LEARN_CODING\LearnOpenGL\BlackPearl-Rendering-Engine\BlackPearl\src\BlackPearl\Renderer\MasterRenderer\IBLProbesRenderer.cpp", "C++", 0, 0, 308, 0, 0, 0, 0, 0, 0, 145, 130, 583
"d:\AA_LEARN_CODING\LearnOpenGL\BlackPearl-Rendering-Engine\BlackPearl\src\BlackPearl\Renderer\MasterRenderer\IBLProbesRenderer.h", "C++", 0, 0, 67, 0, 0, 0, 0, 0, 0, 18, 20, 105
"d:\AA_LEARN_CODING\LearnOpenGL\BlackPearl-Rendering-Engine\BlackPearl\src\BlackPearl\Renderer\MasterRenderer\IBLRenderer.cpp", "C++", 0, 0, 321, 0, 0, 0, 0, 0, 0, 71, 91, 483
"d:\AA_LEARN_CODING\LearnOpenGL\BlackPearl-Rendering-Engine\BlackPearl\src\BlackPearl\Renderer\MasterRenderer\IBLRenderer.h", "C++", 0, 0, 56, 0, 0, 0, 0, 0, 0, 12, 14, 82
"d:\AA_LEARN_CODING\LearnOpenGL\BlackPearl-Rendering-Engine\BlackPearl\src\BlackPearl\Renderer\MasterRenderer\IndirectRenderer.cpp", "C++", 0, 0, 338, 0, 0, 0, 0, 0, 0, 217, 153, 708
"d:\AA_LEARN_CODING\LearnOpenGL\BlackPearl-Rendering-Engine\BlackPearl\src\BlackPearl\Renderer\MasterRenderer\IndirectRenderer.h", "C++", 0, 0, 101, 0, 0, 0, 0, 0, 0, 2, 16, 119
"d:\AA_LEARN_CODING\LearnOpenGL\BlackPearl-Rendering-Engine\BlackPearl\src\BlackPearl\Renderer\MasterRenderer\IndirectRendererTest.cpp", "C++", 0, 0, 576, 0, 0, 0, 0, 0, 0, 173, 146, 895
"d:\AA_LEARN_CODING\LearnOpenGL\BlackPearl-Rendering-Engine\BlackPearl\src\BlackPearl\Renderer\MasterRenderer\IndirectRendererTest.h", "C++", 0, 0, 79, 0, 0, 0, 0, 0, 0, 3, 18, 100
"d:\AA_LEARN_CODING\LearnOpenGL\BlackPearl-Rendering-Engine\BlackPearl\src\BlackPearl\Renderer\MasterRenderer\MapRenderer.cpp", "C++", 0, 0, 40, 0, 0, 0, 0, 0, 0, 0, 9, 49
"d:\AA_LEARN_CODING\LearnOpenGL\BlackPearl-Rendering-Engine\BlackPearl\src\BlackPearl\Renderer\MasterRenderer\MapRenderer.h", "C++", 0, 0, 17, 0, 0, 0, 0, 0, 0, 0, 5, 22
"d:\AA_LEARN_CODING\LearnOpenGL\BlackPearl-Rendering-Engine\BlackPearl\src\BlackPearl\Renderer\MasterRenderer\MasterRenderer.cpp", "C++", 0, 0, 37, 0, 0, 0, 0, 0, 0, 3, 6, 46
"d:\AA_LEARN_CODING\LearnOpenGL\BlackPearl-Rendering-Engine\BlackPearl\src\BlackPearl\Renderer\MasterRenderer\MasterRenderer.h", "C++", 0, 0, 31, 0, 0, 0, 0, 0, 0, 2, 11, 44
"d:\AA_LEARN_CODING\LearnOpenGL\BlackPearl-Rendering-Engine\BlackPearl\src\BlackPearl\Renderer\MasterRenderer\PBRRenderer.cpp", "C++", 0, 0, 17, 0, 0, 0, 0, 0, 0, 0, 7, 24
"d:\AA_LEARN_CODING\LearnOpenGL\BlackPearl-Rendering-Engine\BlackPearl\src\BlackPearl\Renderer\MasterRenderer\PBRRenderer.h", "C++", 0, 0, 18, 0, 0, 0, 0, 0, 0, 1, 3, 22
"d:\AA_LEARN_CODING\LearnOpenGL\BlackPearl-Rendering-Engine\BlackPearl\src\BlackPearl\Renderer\MasterRenderer\RayTracingRenderer.cpp", "C++", 0, 0, 272, 0, 0, 0, 0, 0, 0, 8, 76, 356
"d:\AA_LEARN_CODING\LearnOpenGL\BlackPearl-Rendering-Engine\BlackPearl\src\BlackPearl\Renderer\MasterRenderer\RayTracingRenderer.h", "C++", 0, 0, 50, 0, 0, 0, 0, 0, 0, 2, 13, 65
"d:\AA_LEARN_CODING\LearnOpenGL\BlackPearl-Rendering-Engine\BlackPearl\src\BlackPearl\Renderer\MasterRenderer\ShadowMapPointLightRenderer.cpp", "C++", 0, 0, 120, 0, 0, 0, 0, 0, 0, 21, 44, 185
"d:\AA_LEARN_CODING\LearnOpenGL\BlackPearl-Rendering-Engine\BlackPearl\src\BlackPearl\Renderer\MasterRenderer\ShadowMapPointLightRenderer.h", "C++", 0, 0, 33, 0, 0, 0, 0, 0, 0, 5, 11, 49
"d:\AA_LEARN_CODING\LearnOpenGL\BlackPearl-Rendering-Engine\BlackPearl\src\BlackPearl\Renderer\MasterRenderer\ShadowMapRenderer.cpp", "C++", 0, 0, 52, 0, 0, 0, 0, 0, 0, 11, 17, 80
"d:\AA_LEARN_CODING\LearnOpenGL\BlackPearl-Rendering-Engine\BlackPearl\src\BlackPearl\Renderer\MasterRenderer\ShadowMapRenderer.h", "C++", 0, 0, 36, 0, 0, 0, 0, 0, 0, 2, 6, 44
"d:\AA_LEARN_CODING\LearnOpenGL\BlackPearl-Rendering-Engine\BlackPearl\src\BlackPearl\Renderer\MasterRenderer\SkyboxRenderer.cpp", "C++", 0, 0, 93, 0, 0, 0, 0, 0, 0, 0, 15, 108
"d:\AA_LEARN_CODING\LearnOpenGL\BlackPearl-Rendering-Engine\BlackPearl\src\BlackPearl\Renderer\MasterRenderer\SkyboxRenderer.h", "C++", 0, 0, 21, 0, 0, 0, 0, 0, 0, 0, 8, 29
"d:\AA_LEARN_CODING\LearnOpenGL\BlackPearl-Rendering-Engine\BlackPearl\src\BlackPearl\Renderer\MasterRenderer\VoxelConeTracingDeferredRenderer.cpp", "C++", 0, 0, 447, 0, 0, 0, 0, 0, 0, 90, 155, 692
"d:\AA_LEARN_CODING\LearnOpenGL\BlackPearl-Rendering-Engine\BlackPearl\src\BlackPearl\Renderer\MasterRenderer\VoxelConeTracingDeferredRenderer.h", "C++", 0, 0, 88, 0, 0, 0, 0, 0, 0, 38, 27, 153
"d:\AA_LEARN_CODING\LearnOpenGL\BlackPearl-Rendering-Engine\BlackPearl\src\BlackPearl\Renderer\MasterRenderer\VoxelConeTracingRenderer.cpp", "C++", 0, 0, 198, 0, 0, 0, 0, 0, 0, 66, 109, 373
"d:\AA_LEARN_CODING\LearnOpenGL\BlackPearl-Rendering-Engine\BlackPearl\src\BlackPearl\Renderer\MasterRenderer\VoxelConeTracingRenderer.h", "C++", 0, 0, 62, 0, 0, 0, 0, 0, 0, 16, 21, 99
"d:\AA_LEARN_CODING\LearnOpenGL\BlackPearl-Rendering-Engine\BlackPearl\src\BlackPearl\Renderer\MasterRenderer\VoxelConeTracingSVORenderer.cpp", "C++", 0, 0, 505, 0, 0, 0, 0, 0, 0, 139, 171, 815
"d:\AA_LEARN_CODING\LearnOpenGL\BlackPearl-Rendering-Engine\BlackPearl\src\BlackPearl\Renderer\MasterRenderer\VoxelConeTracingSVORenderer.h", "C++", 0, 0, 120, 0, 0, 0, 0, 0, 0, 43, 31, 194
"d:\AA_LEARN_CODING\LearnOpenGL\BlackPearl-Rendering-Engine\BlackPearl\src\BlackPearl\Renderer\Material\BufferTexture.cpp", "C++", 0, 0, 36, 0, 0, 0, 0, 0, 0, 0, 11, 47
"d:\AA_LEARN_CODING\LearnOpenGL\BlackPearl-Rendering-Engine\BlackPearl\src\BlackPearl\Renderer\Material\BufferTexture.h", "C++", 0, 0, 18, 0, 0, 0, 0, 0, 0, 15, 5, 38
"d:\AA_LEARN_CODING\LearnOpenGL\BlackPearl-Rendering-Engine\BlackPearl\src\BlackPearl\Renderer\Material\CubeMapTexture.cpp", "C++", 0, 0, 61, 0, 0, 0, 0, 0, 0, 2, 21, 84
"d:\AA_LEARN_CODING\LearnOpenGL\BlackPearl-Rendering-Engine\BlackPearl\src\BlackPearl\Renderer\Material\CubeMapTexture.h", "C++", 0, 0, 55, 0, 0, 0, 0, 0, 0, 1, 5, 61
"d:\AA_LEARN_CODING\LearnOpenGL\BlackPearl-Rendering-Engine\BlackPearl\src\BlackPearl\Renderer\Material\HDRTexture.cpp", "C++", 0, 0, 63, 0, 0, 0, 0, 0, 0, 0, 10, 73
"d:\AA_LEARN_CODING\LearnOpenGL\BlackPearl-Rendering-Engine\BlackPearl\src\BlackPearl\Renderer\Material\HDRTexture.h", "C++", 0, 0, 14, 0, 0, 0, 0, 0, 0, 0, 5, 19
"d:\AA_LEARN_CODING\LearnOpenGL\BlackPearl-Rendering-Engine\BlackPearl\src\BlackPearl\Renderer\Material\Material.cpp", "C++", 0, 0, 153, 0, 0, 0, 0, 0, 0, 5, 33, 191
"d:\AA_LEARN_CODING\LearnOpenGL\BlackPearl-Rendering-Engine\BlackPearl\src\BlackPearl\Renderer\Material\Material.h", "C++", 0, 0, 127, 0, 0, 0, 0, 0, 0, 4, 14, 145
"d:\AA_LEARN_CODING\LearnOpenGL\BlackPearl-Rendering-Engine\BlackPearl\src\BlackPearl\Renderer\Material\MaterialColor.cpp", "C++", 0, 0, 2, 0, 0, 0, 0, 0, 0, 0, 3, 5
"d:\AA_LEARN_CODING\LearnOpenGL\BlackPearl-Rendering-Engine\BlackPearl\src\BlackPearl\Renderer\Material\MaterialColor.h", "C++", 0, 0, 47, 0, 0, 0, 0, 0, 0, 3, 12, 62
"d:\AA_LEARN_CODING\LearnOpenGL\BlackPearl-Rendering-Engine\BlackPearl\src\BlackPearl\Renderer\Material\MaterialManager.cpp", "C++", 0, 0, 7, 0, 0, 0, 0, 0, 0, 0, 2, 9
"d:\AA_LEARN_CODING\LearnOpenGL\BlackPearl-Rendering-Engine\BlackPearl\src\BlackPearl\Renderer\Material\MaterialManager.h", "C++", 0, 0, 24, 0, 0, 0, 0, 0, 0, 0, 6, 30
"d:\AA_LEARN_CODING\LearnOpenGL\BlackPearl-Rendering-Engine\BlackPearl\src\BlackPearl\Renderer\Material\Texture.cpp", "C++", 0, 0, 174, 0, 0, 0, 0, 0, 0, 52, 17, 243
"d:\AA_LEARN_CODING\LearnOpenGL\BlackPearl-Rendering-Engine\BlackPearl\src\BlackPearl\Renderer\Material\Texture.h", "C++", 0, 0, 82, 0, 0, 0, 0, 0, 0, 21, 13, 116
"d:\AA_LEARN_CODING\LearnOpenGL\BlackPearl-Rendering-Engine\BlackPearl\src\BlackPearl\Renderer\Material\Texture3D.cpp", "C++", 0, 0, 54, 0, 0, 0, 0, 0, 0, 12, 13, 79
"d:\AA_LEARN_CODING\LearnOpenGL\BlackPearl-Rendering-Engine\BlackPearl\src\BlackPearl\Renderer\Material\Texture3D.h", "C++", 0, 0, 20, 0, 0, 0, 0, 0, 0, 7, 7, 34
"d:\AA_LEARN_CODING\LearnOpenGL\BlackPearl-Rendering-Engine\BlackPearl\src\BlackPearl\Renderer\Material\TextureImage2D.cpp", "C++", 0, 0, 82, 0, 0, 0, 0, 0, 0, 11, 18, 111
"d:\AA_LEARN_CODING\LearnOpenGL\BlackPearl-Rendering-Engine\BlackPearl\src\BlackPearl\Renderer\Material\TextureImage2D.h", "C++", 0, 0, 37, 0, 0, 0, 0, 0, 0, 0, 8, 45
"d:\AA_LEARN_CODING\LearnOpenGL\BlackPearl-Rendering-Engine\BlackPearl\src\BlackPearl\Renderer\Mesh\Mesh.cpp", "C++", 0, 0, 248, 0, 0, 0, 0, 0, 0, 14, 30, 292
"d:\AA_LEARN_CODING\LearnOpenGL\BlackPearl-Rendering-Engine\BlackPearl\src\BlackPearl\Renderer\Mesh\Mesh.h", "C++", 0, 0, 125, 0, 0, 0, 0, 0, 0, 5, 18, 148
"d:\AA_LEARN_CODING\LearnOpenGL\BlackPearl-Rendering-Engine\BlackPearl\src\BlackPearl\Renderer\Mesh\MeshManager.cpp", "C++", 0, 0, 10, 0, 0, 0, 0, 0, 0, 0, 3, 13
"d:\AA_LEARN_CODING\LearnOpenGL\BlackPearl-Rendering-Engine\BlackPearl\src\BlackPearl\Renderer\Mesh\MeshManager.h", "C++", 0, 0, 15, 0, 0, 0, 0, 0, 0, 0, 6, 21
"d:\AA_LEARN_CODING\LearnOpenGL\BlackPearl-Rendering-Engine\BlackPearl\src\BlackPearl\Renderer\Mesh\Meshlet.cpp", "C++", 0, 0, 4, 0, 0, 0, 0, 0, 0, 0, 3, 7
"d:\AA_LEARN_CODING\LearnOpenGL\BlackPearl-Rendering-Engine\BlackPearl\src\BlackPearl\Renderer\Mesh\Meshlet.h", "C++", 0, 0, 33, 0, 0, 0, 0, 0, 0, 0, 7, 40
"d:\AA_LEARN_CODING\LearnOpenGL\BlackPearl-Rendering-Engine\BlackPearl\src\BlackPearl\Renderer\Mesh\MeshletConfig.h", "C++", 0, 0, 105, 0, 0, 0, 0, 0, 0, 0, 17, 122
"d:\AA_LEARN_CODING\LearnOpenGL\BlackPearl-Rendering-Engine\BlackPearl\src\BlackPearl\Renderer\Mesh\MeshletGenerator.cpp", "C++", 0, 0, 204, 0, 0, 0, 0, 0, 0, 18, 51, 273
"d:\AA_LEARN_CODING\LearnOpenGL\BlackPearl-Rendering-Engine\BlackPearl\src\BlackPearl\Renderer\Mesh\MeshletGenerator.h", "C++", 0, 0, 14, 0, 0, 0, 0, 0, 0, 1, 6, 21
"d:\AA_LEARN_CODING\LearnOpenGL\BlackPearl-Rendering-Engine\BlackPearl\src\BlackPearl\Renderer\Mesh\MeshletLoader.cpp", "C++", 0, 0, 10, 0, 0, 0, 0, 0, 0, 0, 1, 11
"d:\AA_LEARN_CODING\LearnOpenGL\BlackPearl-Rendering-Engine\BlackPearl\src\BlackPearl\Renderer\Mesh\MeshletLoader.h", "C++", 0, 0, 10, 0, 0, 0, 0, 0, 0, 0, 6, 16
"d:\AA_LEARN_CODING\LearnOpenGL\BlackPearl-Rendering-Engine\BlackPearl\src\BlackPearl\Renderer\Model\Model.cpp", "C++", 0, 0, 721, 0, 0, 0, 0, 0, 0, 125, 198, 1044
"d:\AA_LEARN_CODING\LearnOpenGL\BlackPearl-Rendering-Engine\BlackPearl\src\BlackPearl\Renderer\Model\Model.h", "C++", 0, 0, 100, 0, 0, 0, 0, 0, 0, 18, 25, 143
"d:\AA_LEARN_CODING\LearnOpenGL\BlackPearl-Rendering-Engine\BlackPearl\src\BlackPearl\Renderer\Model\ModelLoader.cpp", "C++", 0, 0, 10, 0, 0, 0, 0, 0, 0, 0, 4, 14
"d:\AA_LEARN_CODING\LearnOpenGL\BlackPearl-Rendering-Engine\BlackPearl\src\BlackPearl\Renderer\Model\ModelLoader.h", "C++", 0, 0, 13, 0, 0, 0, 0, 0, 0, 1, 4, 18
"d:\AA_LEARN_CODING\LearnOpenGL\BlackPearl-Rendering-Engine\BlackPearl\src\BlackPearl\Renderer\RenderCommand.cpp", "C++", 0, 0, 4, 0, 0, 0, 0, 0, 0, 0, 5, 9
"d:\AA_LEARN_CODING\LearnOpenGL\BlackPearl-Rendering-Engine\BlackPearl\src\BlackPearl\Renderer\RenderCommand.h", "C++", 0, 0, 16, 0, 0, 0, 0, 0, 0, 0, 10, 26
"d:\AA_LEARN_CODING\LearnOpenGL\BlackPearl-Rendering-Engine\BlackPearl\src\BlackPearl\Renderer\Renderer.cpp", "C++", 0, 0, 69, 0, 0, 0, 0, 0, 0, 31, 29, 129
"d:\AA_LEARN_CODING\LearnOpenGL\BlackPearl-Rendering-Engine\BlackPearl\src\BlackPearl\Renderer\Renderer.h", "C++", 0, 0, 29, 0, 0, 0, 0, 0, 0, 1, 6, 36
"d:\AA_LEARN_CODING\LearnOpenGL\BlackPearl-Rendering-Engine\BlackPearl\src\BlackPearl\Renderer\Shader\D3D12Shader\ShaderRecord.h", "C++", 0, 0, 38, 0, 0, 0, 0, 0, 0, 1, 6, 45
"d:\AA_LEARN_CODING\LearnOpenGL\BlackPearl-Rendering-Engine\BlackPearl\src\BlackPearl\Renderer\Shader\D3D12Shader\ShaderTable.cpp", "C++", 0, 0, 2, 0, 0, 0, 0, 0, 0, 0, 1, 3
"d:\AA_LEARN_CODING\LearnOpenGL\BlackPearl-Rendering-Engine\BlackPearl\src\BlackPearl\Renderer\Shader\D3D12Shader\ShaderTable.h", "C++", 0, 0, 49, 0, 0, 0, 0, 0, 0, 2, 7, 58
"d:\AA_LEARN_CODING\LearnOpenGL\BlackPearl-Rendering-Engine\BlackPearl\src\BlackPearl\Renderer\Shader\Shader.cpp", "C++", 0, 0, 303, 0, 0, 0, 0, 0, 0, 21, 78, 402
"d:\AA_LEARN_CODING\LearnOpenGL\BlackPearl-Rendering-Engine\BlackPearl\src\BlackPearl\Renderer\Shader\Shader.h", "C++", 0, 0, 41, 0, 0, 0, 0, 0, 0, 0, 15, 56
"d:\AA_LEARN_CODING\LearnOpenGL\BlackPearl-Rendering-Engine\BlackPearl\src\BlackPearl\Renderer\ShadowBox\ShadowBox.cpp", "C++", 0, 0, 119, 0, 0, 0, 0, 0, 0, 2, 17, 138
"d:\AA_LEARN_CODING\LearnOpenGL\BlackPearl-Rendering-Engine\BlackPearl\src\BlackPearl\Renderer\ShadowBox\ShadowBox.h", "C++", 0, 0, 40, 0, 0, 0, 0, 0, 0, 13, 11, 64
"d:\AA_LEARN_CODING\LearnOpenGL\BlackPearl-Rendering-Engine\BlackPearl\src\BlackPearl\Renderer\VertexArray.cpp", "C++", 0, 0, 101, 0, 0, 0, 0, 0, 0, 16, 15, 132
"d:\AA_LEARN_CODING\LearnOpenGL\BlackPearl-Rendering-Engine\BlackPearl\src\BlackPearl\Renderer\VertexArray.h", "C++", 0, 0, 26, 0, 0, 0, 0, 0, 0, 7, 9, 42
"d:\AA_LEARN_CODING\LearnOpenGL\BlackPearl-Rendering-Engine\BlackPearl\src\BlackPearl\Sampler\Sobol.cpp", "C++", 0, 0, 24, 0, 0, 0, 0, 0, 0, 0, 5, 29
"d:\AA_LEARN_CODING\LearnOpenGL\BlackPearl-Rendering-Engine\BlackPearl\src\BlackPearl\Sampler\Sobol.h", "C++", 0, 0, 15, 0, 0, 0, 0, 0, 0, 3, 5, 23
"d:\AA_LEARN_CODING\LearnOpenGL\BlackPearl-Rendering-Engine\BlackPearl\src\BlackPearl\Sampler\SobolSequence.h", "C++", 0, 0, 10006, 0, 0, 0, 0, 0, 0, 0, 1, 10007
"d:\AA_LEARN_CODING\LearnOpenGL\BlackPearl-Rendering-Engine\BlackPearl\src\BlackPearl\Scene\BoundingBoxBuilder.cpp", "C++", 0, 0, 32, 0, 0, 0, 0, 0, 0, 61, 23, 116
"d:\AA_LEARN_CODING\LearnOpenGL\BlackPearl-Rendering-Engine\BlackPearl\src\BlackPearl\Scene\BoundingBoxBuilder.h", "C++", 0, 0, 16, 0, 0, 0, 0, 0, 0, 3, 6, 25
"d:\AA_LEARN_CODING\LearnOpenGL\BlackPearl-Rendering-Engine\BlackPearl\src\BlackPearl\Scene\DemoScene\MetaBallSDFScene.cpp", "C++", 0, 0, 157, 0, 0, 0, 0, 0, 0, 75, 49, 281
"d:\AA_LEARN_CODING\LearnOpenGL\BlackPearl-Rendering-Engine\BlackPearl\src\BlackPearl\Scene\DemoScene\MetaBallSDFScene.h", "C++", 0, 0, 91, 0, 0, 0, 0, 0, 0, 2, 20, 113
"d:\AA_LEARN_CODING\LearnOpenGL\BlackPearl-Rendering-Engine\BlackPearl\src\BlackPearl\Scene\SDFScene.cpp", "C++", 0, 0, 19, 0, 0, 0, 0, 0, 0, 0, 5, 24
"d:\AA_LEARN_CODING\LearnOpenGL\BlackPearl-Rendering-Engine\BlackPearl\src\BlackPearl\Scene\SDFScene.h", "C++", 0, 0, 92, 0, 0, 0, 0, 0, 0, 11, 25, 128
"d:\AA_LEARN_CODING\LearnOpenGL\BlackPearl-Rendering-Engine\BlackPearl\src\BlackPearl\Scene\Scene.cpp", "C++", 0, 0, 47, 0, 0, 0, 0, 0, 0, 0, 6, 53
"d:\AA_LEARN_CODING\LearnOpenGL\BlackPearl-Rendering-Engine\BlackPearl\src\BlackPearl\Scene\Scene.h", "C++", 0, 0, 44, 0, 0, 0, 0, 0, 0, 0, 7, 51
"d:\AA_LEARN_CODING\LearnOpenGL\BlackPearl-Rendering-Engine\BlackPearl\src\BlackPearl\Scene\SceneBuilder.cpp", "C++", 0, 0, 16, 0, 0, 0, 0, 0, 0, 0, 6, 22
"d:\AA_LEARN_CODING\LearnOpenGL\BlackPearl-Rendering-Engine\BlackPearl\src\BlackPearl\Scene\SceneBuilder.h", "C++", 0, 0, 15, 0, 0, 0, 0, 0, 0, 0, 4, 19
"d:\AA_LEARN_CODING\LearnOpenGL\BlackPearl-Rendering-Engine\BlackPearl\src\BlackPearl\Timestep\TimeCounter.cpp", "C++", 0, 0, 18, 0, 0, 0, 0, 0, 0, 0, 11, 29
"d:\AA_LEARN_CODING\LearnOpenGL\BlackPearl-Rendering-Engine\BlackPearl\src\BlackPearl\Timestep\TimeCounter.h", "C++", 0, 0, 11, 0, 0, 0, 0, 0, 0, 0, 9, 20
"d:\AA_LEARN_CODING\LearnOpenGL\BlackPearl-Rendering-Engine\BlackPearl\src\BlackPearl\Timestep\Timestep.cpp", "C++", 0, 0, 2, 0, 0, 0, 0, 0, 0, 0, 2, 4
"d:\AA_LEARN_CODING\LearnOpenGL\BlackPearl-Rendering-Engine\BlackPearl\src\BlackPearl\Timestep\Timestep.h", "C++", 0, 0, 15, 0, 0, 0, 0, 0, 0, 0, 4, 19
"d:\AA_LEARN_CODING\LearnOpenGL\BlackPearl-Rendering-Engine\BlackPearl\src\BlackPearl\Window.cpp", "C++", 0, 0, 16, 0, 0, 0, 0, 0, 0, 0, 7, 23
"d:\AA_LEARN_CODING\LearnOpenGL\BlackPearl-Rendering-Engine\BlackPearl\src\BlackPearl\Window.h", "C++", 0, 0, 34, 0, 0, 0, 0, 0, 0, 0, 6, 40
"d:\AA_LEARN_CODING\LearnOpenGL\BlackPearl-Rendering-Engine\BlackPearl\src\pch.cpp", "C++", 0, 0, 1, 0, 0, 0, 0, 0, 0, 0, 2, 3
"d:\AA_LEARN_CODING\LearnOpenGL\BlackPearl-Rendering-Engine\BlackPearl\src\pch.h", "C++", 0, 0, 23, 0, 0, 0, 0, 0, 0, 5, 8, 36
"d:\AA_LEARN_CODING\LearnOpenGL\BlackPearl-Rendering-Engine\BlackPearl\vendor\spdlog\example\example.cpp", "C++", 0, 0, 152, 0, 0, 0, 0, 0, 0, 48, 33, 233
"d:\AA_LEARN_CODING\LearnOpenGL\BlackPearl-Rendering-Engine\GenerateProject.bat", "Batch", 0, 0, 0, 0, 2, 0, 0, 0, 0, 0, 0, 2
"d:\AA_LEARN_CODING\LearnOpenGL\BlackPearl-Rendering-Engine\README.md", "Markdown", 0, 0, 0, 124, 0, 0, 0, 0, 0, 0, 44, 168
"d:\AA_LEARN_CODING\LearnOpenGL\BlackPearl-Rendering-Engine\SandBoxDX\RayTracingMetaball.hlsl.h", "C++", 0, 0, 18303, 0, 0, 0, 0, 0, 0, 44819, 286, 63408
"d:\AA_LEARN_CODING\LearnOpenGL\BlackPearl-Rendering-Engine\SandBoxDX\Sandbox.vcxproj", "XML", 236, 0, 0, 0, 0, 0, 0, 0, 0, 0, 0, 236
"d:\AA_LEARN_CODING\LearnOpenGL\BlackPearl-Rendering-Engine\SandBoxDX\SandboxDX.vcxproj", "XML", 240, 0, 0, 0, 0, 0, 0, 0, 0, 0, 0, 240
"d:\AA_LEARN_CODING\LearnOpenGL\BlackPearl-Rendering-Engine\SandBoxDX\assets\shaders\Cube.glsl", "GLSL", 0, 0, 0, 0, 0, 0, 27, 0, 0, 3, 8, 38
"d:\AA_LEARN_CODING\LearnOpenGL\BlackPearl-Rendering-Engine\SandBoxDX\assets\shaders\CubeReflection.glsl", "GLSL", 0, 0, 0, 0, 0, 0, 29, 0, 0, 15, 11, 55
"d:\AA_LEARN_CODING\LearnOpenGL\BlackPearl-Rendering-Engine\SandBoxDX\assets\shaders\CubeRefraction.glsl", "GLSL", 0, 0, 0, 0, 0, 0, 30, 0, 0, 15, 11, 56
"d:\AA_LEARN_CODING\LearnOpenGL\BlackPearl-Rendering-Engine\SandBoxDX\assets\shaders\FrameBuffer.glsl", "GLSL", 0, 0, 0, 0, 0, 0, 32, 0, 0, 0, 9, 41
"d:\AA_LEARN_CODING\LearnOpenGL\BlackPearl-Rendering-Engine\SandBoxDX\assets\shaders\IronMan.glsl", "GLSL", 0, 0, 0, 0, 0, 0, 141, 0, 0, 71, 48, 260
"d:\AA_LEARN_CODING\LearnOpenGL\BlackPearl-Rendering-Engine\SandBoxDX\assets\shaders\IronManBlinnPhong.glsl", "GLSL", 0, 0, 0, 0, 0, 0, 163, 0, 0, 12, 64, 239
"d:\AA_LEARN_CODING\LearnOpenGL\BlackPearl-Rendering-Engine\SandBoxDX\assets\shaders\IronManReflection.glsl", "GLSL", 0, 0, 0, 0, 0, 0, 139, 0, 0, 19, 67, 225
"d:\AA_LEARN_CODING\LearnOpenGL\BlackPearl-Rendering-Engine\SandBoxDX\assets\shaders\NanoMode.glsl", "GLSL", 0, 0, 0, 0, 0, 0, 133, 0, 0, 17, 63, 213
"d:\AA_LEARN_CODING\LearnOpenGL\BlackPearl-Rendering-Engine\SandBoxDX\assets\shaders\Plane.glsl", "GLSL", 0, 0, 0, 0, 0, 0, 149, 0, 0, 19, 63, 231
"d:\AA_LEARN_CODING\LearnOpenGL\BlackPearl-Rendering-Engine\SandBoxDX\assets\shaders\PlaneBlinnPhong.glsl", "GLSL", 0, 0, 0, 0, 0, 0, 171, 0, 0, 11, 62, 244
"d:\AA_LEARN_CODING\LearnOpenGL\BlackPearl-Rendering-Engine\SandBoxDX\assets\shaders\PointLight.glsl", "GLSL", 0, 0, 0, 0, 0, 0, 18, 0, 0, 0, 11, 29
"d:\AA_LEARN_CODING\LearnOpenGL\BlackPearl-Rendering-Engine\SandBoxDX\assets\shaders\Quad.glsl", "GLSL", 0, 0, 0, 0, 0, 0, 21, 0, 0, 36, 13, 70
"d:\AA_LEARN_CODING\LearnOpenGL\BlackPearl-Rendering-Engine\SandBoxDX\assets\shaders\QuadDebug.glsl", "GLSL", 0, 0, 0, 0, 0, 0, 21, 0, 0, 51, 10, 82
"d:\AA_LEARN_CODING\LearnOpenGL\BlackPearl-Rendering-Engine\SandBoxDX\assets\shaders\SkyBox.glsl", "GLSL", 0, 0, 0, 0, 0, 0, 26, 0, 0, 6, 6, 38
"d:\AA_LEARN_CODING\LearnOpenGL\BlackPearl-Rendering-Engine\SandBoxDX\assets\shaders\SkyBoxMultiTexture.glsl", "GLSL", 0, 0, 0, 0, 0, 0, 31, 0, 0, 15, 13, 59
"d:\AA_LEARN_CODING\LearnOpenGL\BlackPearl-Rendering-Engine\SandBoxDX\assets\shaders\Sphere.glsl", "GLSL", 0, 0, 0, 0, 0, 0, 27, 0, 0, 3, 9, 39
"d:\AA_LEARN_CODING\LearnOpenGL\BlackPearl-Rendering-Engine\SandBoxDX\assets\shaders\Texture.glsl", "GLSL", 0, 0, 0, 0, 0, 0, 138, 0, 0, 16, 63, 217
"d:\AA_LEARN_CODING\LearnOpenGL\BlackPearl-Rendering-Engine\SandBoxDX\assets\shaders\animatedModel\animatedCubeMapDepthShader.glsl", "GLSL", 0, 0, 0, 0, 0, 0, 54, 0, 0, 4, 26, 84
"d:\AA_LEARN_CODING\LearnOpenGL\BlackPearl-Rendering-Engine\SandBoxDX\assets\shaders\animatedModel\animatedGBufferModel.glsl", "GLSL", 0, 0, 0, 0, 0, 0, 151, 0, 0, 62, 88, 301
"d:\AA_LEARN_CODING\LearnOpenGL\BlackPearl-Rendering-Engine\SandBoxDX\assets\shaders\animatedModel\animatedModel.glsl", "GLSL", 0, 0, 0, 0, 0, 0, 162, 0, 0, 16, 63, 241
"d:\AA_LEARN_CODING\LearnOpenGL\BlackPearl-Rendering-Engine\SandBoxDX\assets\shaders\basics\light.glsl", "GLSL", 0, 0, 0, 0, 0, 0, 28, 0, 0, 1, 6, 35
"d:\AA_LEARN_CODING\LearnOpenGL\BlackPearl-Rendering-Engine\SandBoxDX\assets\shaders\common\CommonStruct.glsl", "GLSL", 0, 0, 0, 0, 0, 0, 46, 0, 0, 4, 5, 55
"d:\AA_LEARN_CODING\LearnOpenGL\BlackPearl-Rendering-Engine\SandBoxDX\assets\shaders\gBufferProbe\FinalScreenQuad.glsl", "GLSL", 0, 0, 0, 0, 0, 0, 27, 0, 0, 17, 10, 54
"d:\AA_LEARN_CODING\LearnOpenGL\BlackPearl-Rendering-Engine\SandBoxDX\assets\shaders\gBufferProbe\SurroundSphereDebug.glsl", "GLSL", 0, 0, 0, 0, 0, 0, 28, 0, 0, 17, 9, 54
"d:\AA_LEARN_CODING\LearnOpenGL\BlackPearl-Rendering-Engine\SandBoxDX\assets\shaders\gBufferProbe\gBuffer.glsl", "GLSL", 0, 0, 0, 0, 0, 0, 133, 0, 0, 35, 101, 269
"d:\AA_LEARN_CODING\LearnOpenGL\BlackPearl-Rendering-Engine\SandBoxDX\assets\shaders\gBufferProbe\gBufferAmbientGIPass.glsl", "GLSL", 0, 0, 0, 0, 0, 0, 30, 0, 0, 6, 9, 45
"d:\AA_LEARN_CODING\LearnOpenGL\BlackPearl-Rendering-Engine\SandBoxDX\assets\shaders\gBufferProbe\gBufferDirectLightPass.glsl", "GLSL", 0, 0, 0, 0, 0, 0, 1, 0, 0, 0, 1, 2
"d:\AA_LEARN_CODING\LearnOpenGL\BlackPearl-Rendering-Engine\SandBoxDX\assets\shaders\gBufferProbe\gBufferPontLightPass.glsl", "GLSL", 0, 0, 0, 0, 0, 0, 183, 0, 0, 102, 67, 352
"d:\AA_LEARN_CODING\LearnOpenGL\BlackPearl-Rendering-Engine\SandBoxDX\assets\shaders\gBufferVoxelSVO\buildTree\leafStore.glsl", "GLSL", 0, 0, 0, 0, 0, 0, 139, 0, 0, 18, 23, 180
"d:\AA_LEARN_CODING\LearnOpenGL\BlackPearl-Rendering-Engine\SandBoxDX\assets\shaders\gBufferVoxelSVO\buildTree\nodeAlloc.glsl", "GLSL", 0, 0, 0, 0, 0, 0, 22, 0, 0, 0, 17, 39
"d:\AA_LEARN_CODING\LearnOpenGL\BlackPearl-Rendering-Engine\SandBoxDX\assets\shaders\gBufferVoxelSVO\buildTree\nodeFlag.glsl", "GLSL", 0, 0, 0, 0, 0, 0, 54, 0, 0, 1, 19, 74
"d:\AA_LEARN_CODING\LearnOpenGL\BlackPearl-Rendering-Engine\SandBoxDX\assets\shaders\gBufferVoxelSVO\buildTree\nodeInit.glsl", "GLSL", 0, 0, 0, 0, 0, 0, 14, 0, 0, 3, 11, 28
"d:\AA_LEARN_CODING\LearnOpenGL\BlackPearl-Rendering-Engine\SandBoxDX\assets\shaders\gBufferVoxelSVO\buildTree\renderNodeKd.glsl", "GLSL", 0, 0, 0, 0, 0, 0, 150, 0, 0, 15, 25, 190
"d:\AA_LEARN_CODING\LearnOpenGL\BlackPearl-Rendering-Engine\SandBoxDX\assets\shaders\gBufferVoxelSVO\gBufferVoxel.glsl", "GLSL", 0, 0, 0, 0, 0, 0, 119, 0, 0, 18, 59, 196
"d:\AA_LEARN_CODING\LearnOpenGL\BlackPearl-Rendering-Engine\SandBoxDX\assets\shaders\gBufferVoxelSVO\pathTracing.glsl", "GLSL", 0, 0, 0, 0, 0, 0, 202, 0, 0, 77, 62, 341
"d:\AA_LEARN_CODING\LearnOpenGL\BlackPearl-Rendering-Engine\SandBoxDX\assets\shaders\gBufferVoxelSVO\pathTracingGBuffer.glsl", "GLSL", 0, 0, 0, 0, 0, 0, 596, 0, 0, 264, 190, 1050
"d:\AA_LEARN_CODING\LearnOpenGL\BlackPearl-Rendering-Engine\SandBoxDX\assets\shaders\gBufferVoxelSVO\renderVoxel.glsl", "GLSL", 0, 0, 0, 0, 0, 0, 183, 0, 0, 64, 53, 300
"d:\AA_LEARN_CODING\LearnOpenGL\BlackPearl-Rendering-Engine\SandBoxDX\assets\shaders\gBufferVoxelSVO\svoTracing.glsl", "GLSL", 0, 0, 0, 0, 0, 0, 141, 0, 0, 14, 59, 214
"d:\AA_LEARN_CODING\LearnOpenGL\BlackPearl-Rendering-Engine\SandBoxDX\assets\shaders\gBufferVoxelSVO\svoTracing_new.glsl", "GLSL", 0, 0, 0, 0, 0, 0, 148, 0, 0, 24, 63, 235
"d:\AA_LEARN_CODING\LearnOpenGL\BlackPearl-Rendering-Engine\SandBoxDX\assets\shaders\gBufferVoxelSVO\voxelizationSVO.glsl", "GLSL", 0, 0, 0, 0, 0, 0, 282, 0, 0, 44, 94, 420
"d:\AA_LEARN_CODING\LearnOpenGL\BlackPearl-Rendering-Engine\SandBoxDX\assets\shaders\gBufferVoxelSVO\voxelizationSVO_new.glsl", "GLSL", 0, 0, 0, 0, 0, 0, 246, 0, 0, 49, 84, 379
"d:\AA_LEARN_CODING\LearnOpenGL\BlackPearl-Rendering-Engine\SandBoxDX\assets\shaders\gBufferVoxel\FinalScreenQuad.glsl", "GLSL", 0, 0, 0, 0, 0, 0, 26, 0, 0, 2, 12, 40
"d:\AA_LEARN_CODING\LearnOpenGL\BlackPearl-Rendering-Engine\SandBoxDX\assets\shaders\gBufferVoxel\GuassianFilter_horizontal.glsl", "GLSL", 0, 0, 0, 0, 0, 0, 165, 0, 0, 10, 18, 193
"d:\AA_LEARN_CODING\LearnOpenGL\BlackPearl-Rendering-Engine\SandBoxDX\assets\shaders\gBufferVoxel\GuassianFilter_vertical.glsl", "GLSL", 0, 0, 0, 0, 0, 0, 168, 0, 0, 10, 21, 199
"d:\AA_LEARN_CODING\LearnOpenGL\BlackPearl-Rendering-Engine\SandBoxDX\assets\shaders\gBufferVoxel\gBufferVoxel.glsl", "GLSL", 0, 0, 0, 0, 0, 0, 104, 0, 0, 21, 62, 187
"d:\AA_LEARN_CODING\LearnOpenGL\BlackPearl-Rendering-Engine\SandBoxDX\assets\shaders\gBufferVoxel\gBuffer_ambientFilter_voxelConeTracingPBR.glsl", "GLSL", 0, 0, 0, 0, 0, 0, 402, 0, 0, 97, 133, 632
"d:\AA_LEARN_CODING\LearnOpenGL\BlackPearl-Rendering-Engine\SandBoxDX\assets\shaders\gBufferVoxel\gBuffer_parallelLight_voxelConeTracingPBR.glsl", "GLSL", 0, 0, 0, 0, 0, 0, 126, 0, 0, 14, 57, 197
"d:\AA_LEARN_CODING\LearnOpenGL\BlackPearl-Rendering-Engine\SandBoxDX\assets\shaders\gBufferVoxel\gBuffer_pointLight_voxelConeTracingPBR.glsl", "GLSL", 0, 0, 0, 0, 0, 0, 220, 0, 0, 23, 86, 329
"d:\AA_LEARN_CODING\LearnOpenGL\BlackPearl-Rendering-Engine\SandBoxDX\assets\shaders\gBufferVoxel\renderVoxel.glsl", "GLSL", 0, 0, 0, 0, 0, 0, 142, 0, 0, 52, 55, 249
"d:\AA_LEARN_CODING\LearnOpenGL\BlackPearl-Rendering-Engine\SandBoxDX\assets\shaders\gBufferVoxel\specularSample.glsl", "GLSL", 0, 0, 0, 0, 0, 0, 0, 0, 0, 0, 1, 1
"d:\AA_LEARN_CODING\LearnOpenGL\BlackPearl-Rendering-Engine\SandBoxDX\assets\shaders\ibl\background.glsl", "GLSL", 0, 0, 0, 0, 0, 0, 25, 0, 0, 18, 12, 55
"d:\AA_LEARN_CODING\LearnOpenGL\BlackPearl-Rendering-Engine\SandBoxDX\assets\shaders\ibl\brdf.glsl", "GLSL", 0, 0, 0, 0, 0, 0, 105, 0, 0, 5, 29, 139
"d:\AA_LEARN_CODING\LearnOpenGL\BlackPearl-Rendering-Engine\SandBoxDX\assets\shaders\ibl\hdrMapToCube.glsl", "GLSL", 0, 0, 0, 0, 0, 0, 30, 0, 0, 1, 14, 45
"d:\AA_LEARN_CODING\LearnOpenGL\BlackPearl-Rendering-Engine\SandBoxDX\assets\shaders\ibl\ibl.glsl", "GLSL", 0, 0, 0, 0, 0, 0, 127, 0, 0, 40, 30, 197
"d:\AA_LEARN_CODING\LearnOpenGL\BlackPearl-Rendering-Engine\SandBoxDX\assets\shaders\ibl\iblTexture.glsl", "GLSL", 0, 0, 0, 0, 0, 0, 224, 0, 0, 50, 79, 353
"d:\AA_LEARN_CODING\LearnOpenGL\BlackPearl-Rendering-Engine\SandBoxDX\assets\shaders\ibl\irradianceConvolution.glsl", "GLSL", 0, 0, 0, 0, 0, 0, 37, 0, 0, 5, 18, 60
"d:\AA_LEARN_CODING\LearnOpenGL\BlackPearl-Rendering-Engine\SandBoxDX\assets\shaders\ibl\prefilterMap.glsl", "GLSL", 0, 0, 0, 0, 0, 0, 101, 0, 0, 11, 29, 141
"d:\AA_LEARN_CODING\LearnOpenGL\BlackPearl-Rendering-Engine\SandBoxDX\assets\shaders\lightProbes\SH.glsl", "GLSL", 0, 0, 0, 0, 0, 0, 125, 0, 0, 78, 53, 256
"d:\AA_LEARN_CODING\LearnOpenGL\BlackPearl-Rendering-Engine\SandBoxDX\assets\shaders\lightProbes\iblSHTexture.glsl", "GLSL", 0, 0, 0, 0, 0, 0, 164, 0, 0, 59, 52, 275
"d:\AA_LEARN_CODING\LearnOpenGL\BlackPearl-Rendering-Engine\SandBoxDX\assets\shaders\lightProbes\iblTexture.glsl", "GLSL", 0, 0, 0, 0, 0, 0, 148, 0, 0, 46, 44, 238
"d:\AA_LEARN_CODING\LearnOpenGL\BlackPearl-Rendering-Engine\SandBoxDX\assets\shaders\lightProbes\lightProbe.glsl", "GLSL", 0, 0, 0, 0, 0, 0, 61, 0, 0, 143, 30, 234
"d:\AA_LEARN_CODING\LearnOpenGL\BlackPearl-Rendering-Engine\SandBoxDX\assets\shaders\map\map.glsl", "GLSL", 0, 0, 0, 0, 0, 0, 43, 0, 0, 0, 12, 55
"d:\AA_LEARN_CODING\LearnOpenGL\BlackPearl-Rendering-Engine\SandBoxDX\assets\shaders\pbr\Pbr.glsl", "GLSL", 0, 0, 0, 0, 0, 0, 125, 0, 0, 3, 35, 163
"d:\AA_LEARN_CODING\LearnOpenGL\BlackPearl-Rendering-Engine\SandBoxDX\assets\shaders\pbr\PbrTexture.glsl", "GLSL", 0, 0, 0, 0, 0, 0, 128, 0, 0, 8, 39, 175
"d:\AA_LEARN_CODING\LearnOpenGL\BlackPearl-Rendering-Engine\SandBoxDX\assets\shaders\raytracing\ScreenQuad.glsl", "GLSL", 0, 0, 0, 0, 0, 0, 23, 0, 0, 7, 12, 42
"d:\AA_LEARN_CODING\LearnOpenGL\BlackPearl-Rendering-Engine\SandBoxDX\assets\shaders\raytracing\rayTracingBVHNode.glsl", "GLSL", 0, 0, 0, 0, 0, 0, 575, 0, 0, 24, 113, 712
"d:\AA_LEARN_CODING\LearnOpenGL\BlackPearl-Rendering-Engine\SandBoxDX\assets\shaders\raytracing\rayTracingBasic.glsl", "GLSL", 0, 0, 0, 0, 0, 0, 28, 0, 0, 0, 10, 38
"d:\AA_LEARN_CODING\LearnOpenGL\BlackPearl-Rendering-Engine\SandBoxDX\assets\shaders\raytracing\rayTracingBasicSystem.glsl", "GLSL", 0, 0, 0, 0, 0, 0, 267, 0, 0, 5, 45, 317
"d:\AA_LEARN_CODING\LearnOpenGL\BlackPearl-Rendering-Engine\SandBoxDX\assets\shaders\raytracing\rayTracingGenData_04.glsl", "GLSL", 0, 0, 0, 0, 0, 0, 369, 0, 0, 20, 79, 468
"d:\AA_LEARN_CODING\LearnOpenGL\BlackPearl-Rendering-Engine\SandBoxDX\assets\shaders\raytracing\rayTracingMaterial.glsl", "GLSL", 0, 0, 0, 0, 0, 0, 289, 0, 0, 9, 56, 354
"d:\AA_LEARN_CODING\LearnOpenGL\BlackPearl-Rendering-Engine\SandBoxDX\assets\shaders\raytracing\rayTracingSystemT.glsl", "GLSL", 0, 0, 0, 0, 0, 0, 209, 0, 0, 5, 33, 247
"d:\AA_LEARN_CODING\LearnOpenGL\BlackPearl-Rendering-Engine\SandBoxDX\assets\shaders\shadowMap\directLight\DepthShader_ShadowMapLayer.glsl", "GLSL", 0, 0, 0, 0, 0, 0, 12, 0, 0, 3, 2, 17
"d:\AA_LEARN_CODING\LearnOpenGL\BlackPearl-Rendering-Engine\SandBoxDX\assets\shaders\shadowMap\directLight\Quad_ShadowMapLayer.glsl", "GLSL", 0, 0, 0, 0, 0, 0, 18, 0, 0, 17, 8, 43
"d:\AA_LEARN_CODING\LearnOpenGL\BlackPearl-Rendering-Engine\SandBoxDX\assets\shaders\shadowMap\directLight\ShadowMaping_ShadowMapLayer.glsl", "GLSL", 0, 0, 0, 0, 0, 0, 100, 0, 0, 29, 39, 168
"d:\AA_LEARN_CODING\LearnOpenGL\BlackPearl-Rendering-Engine\SandBoxDX\assets\shaders\shadowMap\pointLight\CubeMapDepthShader.glsl", "GLSL", 0, 0, 0, 0, 0, 0, 35, 0, 0, 4, 12, 51
"d:\AA_LEARN_CODING\LearnOpenGL\BlackPearl-Rendering-Engine\SandBoxDX\assets\shaders\shadowMap\pointLight\CubeMapShadowMapping.glsl", "GLSL", 0, 0, 0, 0, 0, 0, 191, 0, 0, 46, 57, 294
"d:\AA_LEARN_CODING\LearnOpenGL\BlackPearl-Rendering-Engine\SandBoxDX\assets\shaders\voxelization\debug\cube.glsl", "GLSL", 0, 0, 0, 0, 0, 0, 30, 0, 0, 21, 7, 58
"d:\AA_LEARN_CODING\LearnOpenGL\BlackPearl-Rendering-Engine\SandBoxDX\assets\shaders\voxelization\debug\quadTest.glsl", "GLSL", 0, 0, 0, 0, 0, 0, 34, 0, 0, 0, 13, 47
"d:\AA_LEARN_CODING\LearnOpenGL\BlackPearl-Rendering-Engine\SandBoxDX\assets\shaders\voxelization\debug\voxelizeTest.glsl", "GLSL", 0, 0, 0, 0, 0, 0, 120, 0, 0, 42, 39, 201
"d:\AA_LEARN_CODING\LearnOpenGL\BlackPearl-Rendering-Engine\SandBoxDX\assets\shaders\voxelization\visualization\voxelVisualization.glsl", "GLSL", 0, 0, 0, 0, 0, 0, 51, 0, 0, 44, 29, 124
"d:\AA_LEARN_CODING\LearnOpenGL\BlackPearl-Rendering-Engine\SandBoxDX\assets\shaders\voxelization\visualization\worldPosition.glsl", "GLSL", 0, 0, 0, 0, 0, 0, 26, 0, 0, 9, 16, 51
"d:\AA_LEARN_CODING\LearnOpenGL\BlackPearl-Rendering-Engine\SandBoxDX\assets\shaders\voxelization\voxelConeTracing\voxelConeTracing.glsl", "GLSL", 0, 0, 0, 0, 0, 0, 250, 0, 0, 74, 90, 414
"d:\AA_LEARN_CODING\LearnOpenGL\BlackPearl-Rendering-Engine\SandBoxDX\assets\shaders\voxelization\voxelConeTracing\voxelConeTracingPBR.glsl", "GLSL", 0, 0, 0, 0, 0, 0, 383, 0, 0, 181, 147, 711
"d:\AA_LEARN_CODING\LearnOpenGL\BlackPearl-Rendering-Engine\SandBoxDX\assets\shaders\voxelization\voxelization.glsl", "GLSL", 0, 0, 0, 0, 0, 0, 130, 0, 0, 38, 45, 213
"d:\AA_LEARN_CODING\LearnOpenGL\BlackPearl-Rendering-Engine\SandBoxDX\assets\shaders\voxelization\voxelizationEnlarge.glsl", "GLSL", 0, 0, 0, 0, 0, 0, 137, 0, 0, 43, 56, 236
"d:\AA_LEARN_CODING\LearnOpenGL\BlackPearl-Rendering-Engine\SandBoxDX\assets\shaders\voxelization\voxelizationPBR.glsl", "GLSL", 0, 0, 0, 0, 0, 0, 245, 0, 0, 119, 77, 441
"d:\AA_LEARN_CODING\LearnOpenGL\BlackPearl-Rendering-Engine\SandBoxDX\assets\shaders_hlsl\BasicRenderer\triangle.hlsl", "HLSL", 0, 0, 0, 0, 0, 0, 0, 0, 16, 10, 6, 32
"d:\AA_LEARN_CODING\LearnOpenGL\BlackPearl-Rendering-Engine\SandBoxDX\assets\shaders_hlsl\HLSLTypeConvert.h", "C++", 0, 0, 9, 0, 0, 0, 0, 0, 0, 10, 3, 22
"d:\AA_LEARN_CODING\LearnOpenGL\BlackPearl-Rendering-Engine\SandBoxDX\assets\shaders_hlsl\MeshShader\MS.hlsl", "HLSL", 0, 0, 0, 0, 0, 0, 0, 0, 99, 15, 24, 138
"d:\AA_LEARN_CODING\LearnOpenGL\BlackPearl-Rendering-Engine\SandBoxDX\assets\shaders_hlsl\MeshShader\PS.hlsl", "HLSL", 0, 0, 0, 0, 0, 0, 0, 0, 45, 11, 11, 67
"d:\AA_LEARN_CODING\LearnOpenGL\BlackPearl-Rendering-Engine\SandBoxDX\assets\shaders_hlsl\RayTracingMetaball\AnalyticPrimitives.hlsli", "HLSL", 0, 0, 0, 0, 0, 0, 0, 0, 144, 47, 32, 223
"d:\AA_LEARN_CODING\LearnOpenGL\BlackPearl-Rendering-Engine\SandBoxDX\assets\shaders_hlsl\RayTracingMetaball\ProceduralPrimitivesLibrary.hlsli", "HLSL", 0, 0, 0, 0, 0, 0, 0, 0, 52, 33, 16, 101
"d:\AA_LEARN_CODING\LearnOpenGL\BlackPearl-Rendering-Engine\SandBoxDX\assets\shaders_hlsl\RayTracingMetaball\RayTracingMetaball.hlsl", "HLSL", 0, 0, 0, 0, 0, 0, 0, 0, 210, 81, 68, 359
"d:\AA_LEARN_CODING\LearnOpenGL\BlackPearl-Rendering-Engine\SandBoxDX\assets\shaders_hlsl\RayTracingMetaball\SignedDistanceFractals.hlsli", "HLSL", 0, 0, 0, 0, 0, 0, 0, 0, 28, 28, 8, 64
"d:\AA_LEARN_CODING\LearnOpenGL\BlackPearl-Rendering-Engine\SandBoxDX\assets\shaders_hlsl\RayTracingMetaball\SignedDistancePrimitives.hlsli", "HLSL", 0, 0, 0, 0, 0, 0, 0, 0, 212, 80, 54, 346
"d:\AA_LEARN_CODING\LearnOpenGL\BlackPearl-Rendering-Engine\SandBoxDX\assets\shaders_hlsl\RayTracingMetaball\VolumetricPrimitives.hlsli", "HLSL", 0, 0, 0, 0, 0, 0, 0, 0, 139, 41, 24, 204
"d:\AA_LEARN_CODING\LearnOpenGL\BlackPearl-Rendering-Engine\SandBoxDX\assets\shaders_hlsl\RayTracingMetaball\test.hlsl", "HLSL", 0, 0, 0, 0, 0, 0, 0, 0, 9, 0, 1, 10
"d:\AA_LEARN_CODING\LearnOpenGL\BlackPearl-Rendering-Engine\SandBoxDX\assets\shaders_hlsl\Raytracing.hlsl", "HLSL", 0, 0, 0, 0, 0, 0, 0, 0, 64, 17, 15, 96
"d:\AA_LEARN_CODING\LearnOpenGL\BlackPearl-Rendering-Engine\SandBoxDX\assets\shaders_hlsl\RaytracingCube.hlsl", "HLSL", 0, 0, 0, 0, 0, 0, 0, 0, 110, 41, 34, 185
"d:\AA_LEARN_CODING\LearnOpenGL\BlackPearl-Rendering-Engine\SandBoxDX\assets\shaders_hlsl\RaytracingHelper.hlsli", "HLSL", 0, 0, 0, 0, 0, 0, 0, 0, 117, 25, 33, 175
"d:\AA_LEARN_CODING\LearnOpenGL\BlackPearl-Rendering-Engine\SandBoxDX\assets\shaders_hlsl_h\HLSLTypeConvert.h", "C++", 0, 0, 13, 0, 0, 0, 0, 0, 0, 10, 3, 26
"d:\AA_LEARN_CODING\LearnOpenGL\BlackPearl-Rendering-Engine\SandBoxDX\assets\shaders_hlsl_h\RayTracingMetaball.hlsl.h", "C++", 0, 0, 18303, 0, 0, 0, 0, 0, 0, 44819, 286, 63408
"d:\AA_LEARN_CODING\LearnOpenGL\BlackPearl-Rendering-Engine\SandBoxDX\assets\shaders_hlsl_h\RayTracingMetaball.hlsl1.h", "C++", 0, 0, 19222, 0, 0, 0, 0, 0, 0, 46502, 286, 66010
"d:\AA_LEARN_CODING\LearnOpenGL\BlackPearl-Rendering-Engine\SandBoxDX\assets\shaders_hlsl_h\Raytracing.hlsl.h", "C++", 0, 0, 520, 0, 0, 0, 0, 0, 0, 1859, 20, 2399
"d:\AA_LEARN_CODING\LearnOpenGL\BlackPearl-Rendering-Engine\SandBoxDX\assets\shaders_hlsl_h\RaytracingCube.hlsl.h", "C++", 0, 0, 1156, 0, 0, 0, 0, 0, 0, 3563, 33, 4752
"d:\AA_LEARN_CODING\LearnOpenGL\BlackPearl-Rendering-Engine\SandBoxDX\assets\shaders_hlsl_h\RaytracingHlslCompat.h", "C++", 0, 0, 123, 0, 0, 0, 0, 0, 0, 26, 26, 175
"d:\AA_LEARN_CODING\LearnOpenGL\BlackPearl-Rendering-Engine\SandBoxDX\assets\skybox\mp_velcor\mp_velcor.shader", "ShaderLab", 0, 0, 0, 0, 0, 0, 0, 12, 0, 1, 2, 15
"d:\AA_LEARN_CODING\LearnOpenGL\BlackPearl-Rendering-Engine\SandBoxDX\imgui.ini", "Ini", 0, 68, 0, 0, 0, 0, 0, 0, 0, 0, 14, 82
"d:\AA_LEARN_CODING\LearnOpenGL\BlackPearl-Rendering-Engine\SandBoxDX\src\Layers\AdvanceLightTestLayer.h", "C++", 0, 0, 38, 0, 0, 0, 0, 0, 0, 37, 35, 110
"d:\AA_LEARN_CODING\LearnOpenGL\BlackPearl-Rendering-Engine\SandBoxDX\src\Layers\CubeTestLayer.h", "C++", 0, 0, 38, 0, 0, 0, 0, 0, 0, 40, 33, 111
"d:\AA_LEARN_CODING\LearnOpenGL\BlackPearl-Rendering-Engine\SandBoxDX\src\Layers\D3D12BasicRenderLayer.h", "C++", 0, 0, 44, 0, 0, 0, 0, 0, 0, 18, 46, 108
"d:\AA_LEARN_CODING\LearnOpenGL\BlackPearl-Rendering-Engine\SandBoxDX\src\Layers\D3D12MeshShaderLayer.h", "C++", 0, 0, 45, 0, 0, 0, 0, 0, 0, 1, 25, 71
"d:\AA_LEARN_CODING\LearnOpenGL\BlackPearl-Rendering-Engine\SandBoxDX\src\Layers\D3D12RayTracingCubeLayer.h", "C++", 0, 0, 96, 0, 0, 0, 0, 0, 0, 27, 64, 187
"d:\AA_LEARN_CODING\LearnOpenGL\BlackPearl-Rendering-Engine\SandBoxDX\src\Layers\D3D12RayTracingLayer.h", "C++", 0, 0, 51, 0, 0, 0, 0, 0, 0, 18, 39, 108
"d:\AA_LEARN_CODING\LearnOpenGL\BlackPearl-Rendering-Engine\SandBoxDX\src\Layers\D3D12RayTracingModelLayer.h", "C++", 0, 0, 85, 0, 0, 0, 0, 0, 0, 10, 51, 146
"d:\AA_LEARN_CODING\LearnOpenGL\BlackPearl-Rendering-Engine\SandBoxDX\src\Layers\FrameBufferTestLayer.h", "C++", 0, 0, 60, 0, 0, 0, 0, 0, 0, 23, 33, 116
"d:\AA_LEARN_CODING\LearnOpenGL\BlackPearl-Rendering-Engine\SandBoxDX\src\Layers\IBLProbesRenderingLayer.h", "C++", 0, 0, 141, 0, 0, 0, 0, 0, 0, 117, 68, 326
"d:\AA_LEARN_CODING\LearnOpenGL\BlackPearl-Rendering-Engine\SandBoxDX\src\Layers\IBLRenderingLayer.h", "C++", 0, 0, 79, 0, 0, 0, 0, 0, 0, 53, 58, 190
"d:\AA_LEARN_CODING\LearnOpenGL\BlackPearl-Rendering-Engine\SandBoxDX\src\Layers\PbrRenderingLayer.h", "C++", 0, 0, 139, 0, 0, 0, 0, 0, 0, 30, 53, 222
"d:\AA_LEARN_CODING\LearnOpenGL\BlackPearl-Rendering-Engine\SandBoxDX\src\Layers\RayTracingLayer.h", "C++", 0, 0, 127, 0, 0, 0, 0, 0, 0, 20, 69, 216
"d:\AA_LEARN_CODING\LearnOpenGL\BlackPearl-Rendering-Engine\SandBoxDX\src\Layers\ShadowMapPointLightLayer.h", "C++", 0, 0, 101, 0, 0, 0, 0, 0, 0, 185, 115, 401
"d:\AA_LEARN_CODING\LearnOpenGL\BlackPearl-Rendering-Engine\SandBoxDX\src\Layers\ShadowMapTestLayer.h", "C++", 0, 0, 179, 0, 0, 0, 0, 0, 0, 57, 96, 332
"d:\AA_LEARN_CODING\LearnOpenGL\BlackPearl-Rendering-Engine\SandBoxDX\src\Layers\SkyBoxTestLayer.h", "C++", 0, 0, 60, 0, 0, 0, 0, 0, 0, 34, 40, 134
"d:\AA_LEARN_CODING\LearnOpenGL\BlackPearl-Rendering-Engine\SandBoxDX\src\Layers\VoxelConeTracingDeferredLayer.h", "C++", 0, 0, 90, 0, 0, 0, 0, 0, 0, 7, 41, 138
"d:\AA_LEARN_CODING\LearnOpenGL\BlackPearl-Rendering-Engine\SandBoxDX\src\Layers\VoxelConeTracingLayer.h", "C++", 0, 0, 89, 0, 0, 0, 0, 0, 0, 26, 41, 156
"d:\AA_LEARN_CODING\LearnOpenGL\BlackPearl-Rendering-Engine\SandBoxDX\src\Layers\VoxelConeTracingSVOLayer.h", "C++", 0, 0, 93, 0, 0, 0, 0, 0, 0, 39, 36, 168
"d:\AA_LEARN_CODING\LearnOpenGL\BlackPearl-Rendering-Engine\SandBoxDX\src\Layers\VoxelizationTestLayer.h", "C++", 0, 0, 51, 0, 0, 0, 0, 0, 0, 9, 35, 95
"d:\AA_LEARN_CODING\LearnOpenGL\BlackPearl-Rendering-Engine\SandBoxDX\src\SandBoxDX.cpp", "C++", 0, 0, 53, 0, 0, 0, 0, 0, 0, 1, 12, 66
"d:\AA_LEARN_CODING\LearnOpenGL\BlackPearl-Rendering-Engine\SandBoxDX\vendor\directxtex_uwp.2022.5.10.1\build\native\directxtex_uwp.targets", "XML", 24, 0, 0, 0, 0, 0, 0, 0, 0, 0, 6, 30
"d:\AA_LEARN_CODING\LearnOpenGL\BlackPearl-Rendering-Engine\SandBoxDX\vendor\directxtex_uwp.2022.5.10.1\docs\HISTORY.md", "Markdown", 0, 0, 0, 446, 0, 0, 0, 0, 0, 0, 93, 539
"d:\AA_LEARN_CODING\LearnOpenGL\BlackPearl-Rendering-Engine\SandBoxDX\vendor\directxtex_uwp.2022.5.10.1\docs\README.md", "Markdown", 0, 0, 0, 59, 0, 0, 0, 0, 0, 0, 58, 117
"d:\AA_LEARN_CODING\LearnOpenGL\BlackPearl-Rendering-Engine\SandBoxDX\vendor\directxtex_uwp.2022.5.10.1\docs\SECURITY.md", "Markdown", 0, 0, 0, 22, 0, 0, 0, 0, 0, 2, 17, 41
"d:\AA_LEARN_CODING\LearnOpenGL\BlackPearl-Rendering-Engine\SandBoxDX\vendor\directxtex_uwp.2022.5.10.1\include\DirectXTex.h", "C++", 0, 0, 604, 0, 0, 0, 0, 0, 0, 135, 190, 929
"d:\AA_LEARN_CODING\LearnOpenGL\BlackPearl-Rendering-Engine\SandBoxDX\vendor\directxtex_uwp.2022.5.10.1\include\DirectXTex.inl", "C++", 0, 0, 159, 0, 0, 0, 0, 0, 0, 25, 29, 213
"d:\AA_LEARN_CODING\LearnOpenGL\BlackPearl-Rendering-Engine\SandBox\RaytracingCube.hlsl.h", "C++", 0, 0, 1230, 0, 0, 0, 0, 0, 0, 4262, 33, 5525
"d:\AA_LEARN_CODING\LearnOpenGL\BlackPearl-Rendering-Engine\SandBox\Sandbox.vcxproj", "XML", 203, 0, 0, 0, 0, 0, 0, 0, 0, 0, 0, 203
"d:\AA_LEARN_CODING\LearnOpenGL\BlackPearl-Rendering-Engine\SandBox\assets\shaders\Cube.glsl", "GLSL", 0, 0, 0, 0, 0, 0, 27, 0, 0, 3, 8, 38
"d:\AA_LEARN_CODING\LearnOpenGL\BlackPearl-Rendering-Engine\SandBox\assets\shaders\CubeReflection.glsl", "GLSL", 0, 0, 0, 0, 0, 0, 29, 0, 0, 15, 11, 55
"d:\AA_LEARN_CODING\LearnOpenGL\BlackPearl-Rendering-Engine\SandBox\assets\shaders\CubeRefraction.glsl", "GLSL", 0, 0, 0, 0, 0, 0, 30, 0, 0, 15, 11, 56
"d:\AA_LEARN_CODING\LearnOpenGL\BlackPearl-Rendering-Engine\SandBox\assets\shaders\FrameBuffer.glsl", "GLSL", 0, 0, 0, 0, 0, 0, 32, 0, 0, 0, 9, 41
"d:\AA_LEARN_CODING\LearnOpenGL\BlackPearl-Rendering-Engine\SandBox\assets\shaders\IndirectDraw\Indirect.glsl", "GLSL", 0, 0, 0, 0, 0, 0, 19, 0, 0, 92, 12, 123
"d:\AA_LEARN_CODING\LearnOpenGL\BlackPearl-Rendering-Engine\SandBox\assets\shaders\IronMan.glsl", "GLSL", 0, 0, 0, 0, 0, 0, 141, 0, 0, 71, 48, 260
"d:\AA_LEARN_CODING\LearnOpenGL\BlackPearl-Rendering-Engine\SandBox\assets\shaders\IronManBlinnPhong.glsl", "GLSL", 0, 0, 0, 0, 0, 0, 163, 0, 0, 12, 64, 239
"d:\AA_LEARN_CODING\LearnOpenGL\BlackPearl-Rendering-Engine\SandBox\assets\shaders\IronManReflection.glsl", "GLSL", 0, 0, 0, 0, 0, 0, 139, 0, 0, 19, 67, 225
"d:\AA_LEARN_CODING\LearnOpenGL\BlackPearl-Rendering-Engine\SandBox\assets\shaders\NanoMode.glsl", "GLSL", 0, 0, 0, 0, 0, 0, 133, 0, 0, 17, 63, 213
"d:\AA_LEARN_CODING\LearnOpenGL\BlackPearl-Rendering-Engine\SandBox\assets\shaders\Plane.glsl", "GLSL", 0, 0, 0, 0, 0, 0, 149, 0, 0, 19, 63, 231
"d:\AA_LEARN_CODING\LearnOpenGL\BlackPearl-Rendering-Engine\SandBox\assets\shaders\PlaneBlinnPhong.glsl", "GLSL", 0, 0, 0, 0, 0, 0, 171, 0, 0, 11, 62, 244
"d:\AA_LEARN_CODING\LearnOpenGL\BlackPearl-Rendering-Engine\SandBox\assets\shaders\PointLight.glsl", "GLSL", 0, 0, 0, 0, 0, 0, 18, 0, 0, 0, 11, 29
"d:\AA_LEARN_CODING\LearnOpenGL\BlackPearl-Rendering-Engine\SandBox\assets\shaders\Quad.glsl", "GLSL", 0, 0, 0, 0, 0, 0, 21, 0, 0, 36, 13, 70
"d:\AA_LEARN_CODING\LearnOpenGL\BlackPearl-Rendering-Engine\SandBox\assets\shaders\QuadDebug.glsl", "GLSL", 0, 0, 0, 0, 0, 0, 21, 0, 0, 51, 10, 82
"d:\AA_LEARN_CODING\LearnOpenGL\BlackPearl-Rendering-Engine\SandBox\assets\shaders\SkyBox.glsl", "GLSL", 0, 0, 0, 0, 0, 0, 26, 0, 0, 6, 6, 38
"d:\AA_LEARN_CODING\LearnOpenGL\BlackPearl-Rendering-Engine\SandBox\assets\shaders\SkyBoxMultiTexture.glsl", "GLSL", 0, 0, 0, 0, 0, 0, 31, 0, 0, 15, 13, 59
"d:\AA_LEARN_CODING\LearnOpenGL\BlackPearl-Rendering-Engine\SandBox\assets\shaders\Sphere.glsl", "GLSL", 0, 0, 0, 0, 0, 0, 27, 0, 0, 3, 9, 39
"d:\AA_LEARN_CODING\LearnOpenGL\BlackPearl-Rendering-Engine\SandBox\assets\shaders\Texture.glsl", "GLSL", 0, 0, 0, 0, 0, 0, 138, 0, 0, 16, 63, 217
"d:\AA_LEARN_CODING\LearnOpenGL\BlackPearl-Rendering-Engine\SandBox\assets\shaders\animatedModel\animatedCubeMapDepthShader.glsl", "GLSL", 0, 0, 0, 0, 0, 0, 54, 0, 0, 4, 26, 84
"d:\AA_LEARN_CODING\LearnOpenGL\BlackPearl-Rendering-Engine\SandBox\assets\shaders\animatedModel\animatedGBufferModel.glsl", "GLSL", 0, 0, 0, 0, 0, 0, 151, 0, 0, 62, 88, 301
"d:\AA_LEARN_CODING\LearnOpenGL\BlackPearl-Rendering-Engine\SandBox\assets\shaders\animatedModel\animatedModel.glsl", "GLSL", 0, 0, 0, 0, 0, 0, 162, 0, 0, 16, 63, 241
"d:\AA_LEARN_CODING\LearnOpenGL\BlackPearl-Rendering-Engine\SandBox\assets\shaders\basics\light.glsl", "GLSL", 0, 0, 0, 0, 0, 0, 28, 0, 0, 1, 6, 35
"d:\AA_LEARN_CODING\LearnOpenGL\BlackPearl-Rendering-Engine\SandBox\assets\shaders\batch\Batch.glsl", "GLSL", 0, 0, 0, 0, 0, 0, 42, 0, 0, 4, 13, 59
"d:\AA_LEARN_CODING\LearnOpenGL\BlackPearl-Rendering-Engine\SandBox\assets\shaders\common\CommonStruct.glsl", "GLSL", 0, 0, 0, 0, 0, 0, 46, 0, 0, 4, 5, 55
"d:\AA_LEARN_CODING\LearnOpenGL\BlackPearl-Rendering-Engine\SandBox\assets\shaders\gBufferProbe\FinalScreenQuad.glsl", "GLSL", 0, 0, 0, 0, 0, 0, 27, 0, 0, 17, 10, 54
"d:\AA_LEARN_CODING\LearnOpenGL\BlackPearl-Rendering-Engine\SandBox\assets\shaders\gBufferProbe\SurroundSphereDebug.glsl", "GLSL", 0, 0, 0, 0, 0, 0, 28, 0, 0, 17, 9, 54
"d:\AA_LEARN_CODING\LearnOpenGL\BlackPearl-Rendering-Engine\SandBox\assets\shaders\gBufferProbe\gBuffer.glsl", "GLSL", 0, 0, 0, 0, 0, 0, 133, 0, 0, 35, 101, 269
"d:\AA_LEARN_CODING\LearnOpenGL\BlackPearl-Rendering-Engine\SandBox\assets\shaders\gBufferProbe\gBufferAmbientGIPass.glsl", "GLSL", 0, 0, 0, 0, 0, 0, 30, 0, 0, 6, 9, 45
"d:\AA_LEARN_CODING\LearnOpenGL\BlackPearl-Rendering-Engine\SandBox\assets\shaders\gBufferProbe\gBufferDirectLightPass.glsl", "GLSL", 0, 0, 0, 0, 0, 0, 1, 0, 0, 0, 1, 2
"d:\AA_LEARN_CODING\LearnOpenGL\BlackPearl-Rendering-Engine\SandBox\assets\shaders\gBufferProbe\gBufferPontLightPass.glsl", "GLSL", 0, 0, 0, 0, 0, 0, 183, 0, 0, 102, 67, 352
"d:\AA_LEARN_CODING\LearnOpenGL\BlackPearl-Rendering-Engine\SandBox\assets\shaders\gBufferVoxelSVO\buildTree\leafStore.glsl", "GLSL", 0, 0, 0, 0, 0, 0, 139, 0, 0, 18, 23, 180
"d:\AA_LEARN_CODING\LearnOpenGL\BlackPearl-Rendering-Engine\SandBox\assets\shaders\gBufferVoxelSVO\buildTree\nodeAlloc.glsl", "GLSL", 0, 0, 0, 0, 0, 0, 22, 0, 0, 0, 17, 39
"d:\AA_LEARN_CODING\LearnOpenGL\BlackPearl-Rendering-Engine\SandBox\assets\shaders\gBufferVoxelSVO\buildTree\nodeFlag.glsl", "GLSL", 0, 0, 0, 0, 0, 0, 54, 0, 0, 1, 19, 74
"d:\AA_LEARN_CODING\LearnOpenGL\BlackPearl-Rendering-Engine\SandBox\assets\shaders\gBufferVoxelSVO\buildTree\nodeInit.glsl", "GLSL", 0, 0, 0, 0, 0, 0, 14, 0, 0, 3, 11, 28
"d:\AA_LEARN_CODING\LearnOpenGL\BlackPearl-Rendering-Engine\SandBox\assets\shaders\gBufferVoxelSVO\buildTree\renderNodeKd.glsl", "GLSL", 0, 0, 0, 0, 0, 0, 150, 0, 0, 15, 25, 190
"d:\AA_LEARN_CODING\LearnOpenGL\BlackPearl-Rendering-Engine\SandBox\assets\shaders\gBufferVoxelSVO\gBufferVoxel.glsl", "GLSL", 0, 0, 0, 0, 0, 0, 119, 0, 0, 18, 58, 195
"d:\AA_LEARN_CODING\LearnOpenGL\BlackPearl-Rendering-Engine\SandBox\assets\shaders\gBufferVoxelSVO\pathTracing.glsl", "GLSL", 0, 0, 0, 0, 0, 0, 202, 0, 0, 77, 62, 341
"d:\AA_LEARN_CODING\LearnOpenGL\BlackPearl-Rendering-Engine\SandBox\assets\shaders\gBufferVoxelSVO\pathTracingGBuffer.glsl", "GLSL", 0, 0, 0, 0, 0, 0, 596, 0, 0, 264, 190, 1050
"d:\AA_LEARN_CODING\LearnOpenGL\BlackPearl-Rendering-Engine\SandBox\assets\shaders\gBufferVoxelSVO\renderVoxel.glsl", "GLSL", 0, 0, 0, 0, 0, 0, 183, 0, 0, 64, 53, 300
"d:\AA_LEARN_CODING\LearnOpenGL\BlackPearl-Rendering-Engine\SandBox\assets\shaders\gBufferVoxelSVO\svoTracing.glsl", "GLSL", 0, 0, 0, 0, 0, 0, 141, 0, 0, 14, 59, 214
"d:\AA_LEARN_CODING\LearnOpenGL\BlackPearl-Rendering-Engine\SandBox\assets\shaders\gBufferVoxelSVO\svoTracing_new.glsl", "GLSL", 0, 0, 0, 0, 0, 0, 148, 0, 0, 24, 63, 235
"d:\AA_LEARN_CODING\LearnOpenGL\BlackPearl-Rendering-Engine\SandBox\assets\shaders\gBufferVoxelSVO\voxelizationSVO.glsl", "GLSL", 0, 0, 0, 0, 0, 0, 282, 0, 0, 44, 94, 420
"d:\AA_LEARN_CODING\LearnOpenGL\BlackPearl-Rendering-Engine\SandBox\assets\shaders\gBufferVoxelSVO\voxelizationSVO_new.glsl", "GLSL", 0, 0, 0, 0, 0, 0, 246, 0, 0, 49, 84, 379
"d:\AA_LEARN_CODING\LearnOpenGL\BlackPearl-Rendering-Engine\SandBox\assets\shaders\gBufferVoxel\FinalScreenQuad.glsl", "GLSL", 0, 0, 0, 0, 0, 0, 26, 0, 0, 2, 12, 40
"d:\AA_LEARN_CODING\LearnOpenGL\BlackPearl-Rendering-Engine\SandBox\assets\shaders\gBufferVoxel\GuassianFilter_horizontal.glsl", "GLSL", 0, 0, 0, 0, 0, 0, 165, 0, 0, 10, 18, 193
"d:\AA_LEARN_CODING\LearnOpenGL\BlackPearl-Rendering-Engine\SandBox\assets\shaders\gBufferVoxel\GuassianFilter_vertical.glsl", "GLSL", 0, 0, 0, 0, 0, 0, 168, 0, 0, 10, 21, 199
"d:\AA_LEARN_CODING\LearnOpenGL\BlackPearl-Rendering-Engine\SandBox\assets\shaders\gBufferVoxel\gBufferVoxel.glsl", "GLSL", 0, 0, 0, 0, 0, 0, 104, 0, 0, 21, 62, 187
"d:\AA_LEARN_CODING\LearnOpenGL\BlackPearl-Rendering-Engine\SandBox\assets\shaders\gBufferVoxel\gBuffer_ambientFilter_voxelConeTracingPBR.glsl", "GLSL", 0, 0, 0, 0, 0, 0, 402, 0, 0, 97, 133, 632
"d:\AA_LEARN_CODING\LearnOpenGL\BlackPearl-Rendering-Engine\SandBox\assets\shaders\gBufferVoxel\gBuffer_parallelLight_voxelConeTracingPBR.glsl", "GLSL", 0, 0, 0, 0, 0, 0, 126, 0, 0, 14, 57, 197
"d:\AA_LEARN_CODING\LearnOpenGL\BlackPearl-Rendering-Engine\SandBox\assets\shaders\gBufferVoxel\gBuffer_pointLight_voxelConeTracingPBR.glsl", "GLSL", 0, 0, 0, 0, 0, 0, 220, 0, 0, 23, 86, 329
"d:\AA_LEARN_CODING\LearnOpenGL\BlackPearl-Rendering-Engine\SandBox\assets\shaders\gBufferVoxel\renderVoxel.glsl", "GLSL", 0, 0, 0, 0, 0, 0, 141, 0, 0, 53, 55, 249
"d:\AA_LEARN_CODING\LearnOpenGL\BlackPearl-Rendering-Engine\SandBox\assets\shaders\gBufferVoxel\specularSample.glsl", "GLSL", 0, 0, 0, 0, 0, 0, 0, 0, 0, 0, 1, 1
"d:\AA_LEARN_CODING\LearnOpenGL\BlackPearl-Rendering-Engine\SandBox\assets\shaders\ibl\background.glsl", "GLSL", 0, 0, 0, 0, 0, 0, 25, 0, 0, 18, 12, 55
"d:\AA_LEARN_CODING\LearnOpenGL\BlackPearl-Rendering-Engine\SandBox\assets\shaders\ibl\brdf.glsl", "GLSL", 0, 0, 0, 0, 0, 0, 105, 0, 0, 5, 29, 139
"d:\AA_LEARN_CODING\LearnOpenGL\BlackPearl-Rendering-Engine\SandBox\assets\shaders\ibl\hdrMapToCube.glsl", "GLSL", 0, 0, 0, 0, 0, 0, 30, 0, 0, 1, 14, 45
"d:\AA_LEARN_CODING\LearnOpenGL\BlackPearl-Rendering-Engine\SandBox\assets\shaders\ibl\ibl.glsl", "GLSL", 0, 0, 0, 0, 0, 0, 127, 0, 0, 40, 30, 197
"d:\AA_LEARN_CODING\LearnOpenGL\BlackPearl-Rendering-Engine\SandBox\assets\shaders\ibl\iblTexture.glsl", "GLSL", 0, 0, 0, 0, 0, 0, 224, 0, 0, 50, 79, 353
"d:\AA_LEARN_CODING\LearnOpenGL\BlackPearl-Rendering-Engine\SandBox\assets\shaders\ibl\irradianceConvolution.glsl", "GLSL", 0, 0, 0, 0, 0, 0, 37, 0, 0, 5, 18, 60
"d:\AA_LEARN_CODING\LearnOpenGL\BlackPearl-Rendering-Engine\SandBox\assets\shaders\ibl\prefilterMap.glsl", "GLSL", 0, 0, 0, 0, 0, 0, 101, 0, 0, 11, 29, 141
"d:\AA_LEARN_CODING\LearnOpenGL\BlackPearl-Rendering-Engine\SandBox\assets\shaders\lightProbes\SH.glsl", "GLSL", 0, 0, 0, 0, 0, 0, 125, 0, 0, 78, 53, 256
"d:\AA_LEARN_CODING\LearnOpenGL\BlackPearl-Rendering-Engine\SandBox\assets\shaders\lightProbes\iblSHTexture.glsl", "GLSL", 0, 0, 0, 0, 0, 0, 164, 0, 0, 59, 52, 275
"d:\AA_LEARN_CODING\LearnOpenGL\BlackPearl-Rendering-Engine\SandBox\assets\shaders\lightProbes\iblTexture.glsl", "GLSL", 0, 0, 0, 0, 0, 0, 148, 0, 0, 46, 44, 238
"d:\AA_LEARN_CODING\LearnOpenGL\BlackPearl-Rendering-Engine\SandBox\assets\shaders\lightProbes\lightProbe.glsl", "GLSL", 0, 0, 0, 0, 0, 0, 61, 0, 0, 143, 30, 234
"d:\AA_LEARN_CODING\LearnOpenGL\BlackPearl-Rendering-Engine\SandBox\assets\shaders\map\map.glsl", "GLSL", 0, 0, 0, 0, 0, 0, 43, 0, 0, 0, 12, 55
"d:\AA_LEARN_CODING\LearnOpenGL\BlackPearl-Rendering-Engine\SandBox\assets\shaders\pbr\Pbr.glsl", "GLSL", 0, 0, 0, 0, 0, 0, 125, 0, 0, 3, 35, 163
"d:\AA_LEARN_CODING\LearnOpenGL\BlackPearl-Rendering-Engine\SandBox\assets\shaders\pbr\PbrTexture.glsl", "GLSL", 0, 0, 0, 0, 0, 0, 128, 0, 0, 8, 39, 175
"d:\AA_LEARN_CODING\LearnOpenGL\BlackPearl-Rendering-Engine\SandBox\assets\shaders\raytracing\ScreenQuad.glsl", "GLSL", 0, 0, 0, 0, 0, 0, 23, 0, 0, 7, 12, 42
"d:\AA_LEARN_CODING\LearnOpenGL\BlackPearl-Rendering-Engine\SandBox\assets\shaders\raytracing\rayTracingBVHNode.glsl", "GLSL", 0, 0, 0, 0, 0, 0, 575, 0, 0, 24, 113, 712
"d:\AA_LEARN_CODING\LearnOpenGL\BlackPearl-Rendering-Engine\SandBox\assets\shaders\raytracing\rayTracingBasic.glsl", "GLSL", 0, 0, 0, 0, 0, 0, 28, 0, 0, 0, 10, 38
"d:\AA_LEARN_CODING\LearnOpenGL\BlackPearl-Rendering-Engine\SandBox\assets\shaders\raytracing\rayTracingBasicSystem.glsl", "GLSL", 0, 0, 0, 0, 0, 0, 267, 0, 0, 5, 45, 317
"d:\AA_LEARN_CODING\LearnOpenGL\BlackPearl-Rendering-Engine\SandBox\assets\shaders\raytracing\rayTracingGenData_04.glsl", "GLSL", 0, 0, 0, 0, 0, 0, 369, 0, 0, 20, 79, 468
"d:\AA_LEARN_CODING\LearnOpenGL\BlackPearl-Rendering-Engine\SandBox\assets\shaders\raytracing\rayTracingMaterial.glsl", "GLSL", 0, 0, 0, 0, 0, 0, 289, 0, 0, 9, 56, 354
"d:\AA_LEARN_CODING\LearnOpenGL\BlackPearl-Rendering-Engine\SandBox\assets\shaders\raytracing\rayTracingSystemT.glsl", "GLSL", 0, 0, 0, 0, 0, 0, 209, 0, 0, 5, 33, 247
"d:\AA_LEARN_CODING\LearnOpenGL\BlackPearl-Rendering-Engine\SandBox\assets\shaders\shadowMap\directLight\DepthShader_ShadowMapLayer.glsl", "GLSL", 0, 0, 0, 0, 0, 0, 12, 0, 0, 3, 2, 17
"d:\AA_LEARN_CODING\LearnOpenGL\BlackPearl-Rendering-Engine\SandBox\assets\shaders\shadowMap\directLight\Quad_ShadowMapLayer.glsl", "GLSL", 0, 0, 0, 0, 0, 0, 18, 0, 0, 17, 8, 43
"d:\AA_LEARN_CODING\LearnOpenGL\BlackPearl-Rendering-Engine\SandBox\assets\shaders\shadowMap\directLight\ShadowMaping_ShadowMapLayer.glsl", "GLSL", 0, 0, 0, 0, 0, 0, 100, 0, 0, 29, 39, 168
"d:\AA_LEARN_CODING\LearnOpenGL\BlackPearl-Rendering-Engine\SandBox\assets\shaders\shadowMap\pointLight\CubeMapDepthShader.glsl", "GLSL", 0, 0, 0, 0, 0, 0, 35, 0, 0, 4, 12, 51
"d:\AA_LEARN_CODING\LearnOpenGL\BlackPearl-Rendering-Engine\SandBox\assets\shaders\shadowMap\pointLight\CubeMapShadowMapping.glsl", "GLSL", 0, 0, 0, 0, 0, 0, 191, 0, 0, 46, 57, 294
"d:\AA_LEARN_CODING\LearnOpenGL\BlackPearl-Rendering-Engine\SandBox\assets\shaders\terrain\Terrain.glsl", "GLSL", 0, 0, 0, 0, 0, 0, 104, 0, 0, 48, 35, 187
"d:\AA_LEARN_CODING\LearnOpenGL\BlackPearl-Rendering-Engine\SandBox\assets\shaders\voxelization\debug\cube.glsl", "GLSL", 0, 0, 0, 0, 0, 0, 30, 0, 0, 21, 7, 58
"d:\AA_LEARN_CODING\LearnOpenGL\BlackPearl-Rendering-Engine\SandBox\assets\shaders\voxelization\debug\quadTest.glsl", "GLSL", 0, 0, 0, 0, 0, 0, 34, 0, 0, 0, 13, 47
"d:\AA_LEARN_CODING\LearnOpenGL\BlackPearl-Rendering-Engine\SandBox\assets\shaders\voxelization\debug\voxelizeTest.glsl", "GLSL", 0, 0, 0, 0, 0, 0, 120, 0, 0, 42, 39, 201
"d:\AA_LEARN_CODING\LearnOpenGL\BlackPearl-Rendering-Engine\SandBox\assets\shaders\voxelization\visualization\voxelVisualization.glsl", "GLSL", 0, 0, 0, 0, 0, 0, 51, 0, 0, 44, 29, 124
"d:\AA_LEARN_CODING\LearnOpenGL\BlackPearl-Rendering-Engine\SandBox\assets\shaders\voxelization\visualization\worldPosition.glsl", "GLSL", 0, 0, 0, 0, 0, 0, 26, 0, 0, 9, 16, 51
"d:\AA_LEARN_CODING\LearnOpenGL\BlackPearl-Rendering-Engine\SandBox\assets\shaders\voxelization\voxelConeTracing\voxelConeTracing.glsl", "GLSL", 0, 0, 0, 0, 0, 0, 250, 0, 0, 74, 90, 414
"d:\AA_LEARN_CODING\LearnOpenGL\BlackPearl-Rendering-Engine\SandBox\assets\shaders\voxelization\voxelConeTracing\voxelConeTracingPBR.glsl", "GLSL", 0, 0, 0, 0, 0, 0, 383, 0, 0, 181, 147, 711
"d:\AA_LEARN_CODING\LearnOpenGL\BlackPearl-Rendering-Engine\SandBox\assets\shaders\voxelization\voxelization.glsl", "GLSL", 0, 0, 0, 0, 0, 0, 130, 0, 0, 38, 45, 213
"d:\AA_LEARN_CODING\LearnOpenGL\BlackPearl-Rendering-Engine\SandBox\assets\shaders\voxelization\voxelizationEnlarge.glsl", "GLSL", 0, 0, 0, 0, 0, 0, 137, 0, 0, 43, 56, 236
"d:\AA_LEARN_CODING\LearnOpenGL\BlackPearl-Rendering-Engine\SandBox\assets\shaders\voxelization\voxelizationPBR.glsl", "GLSL", 0, 0, 0, 0, 0, 0, 228, 0, 0, 142, 71, 441
"d:\AA_LEARN_CODING\LearnOpenGL\BlackPearl-Rendering-Engine\SandBox\assets\shaders_hlsl\HLSLTypeConvert.h", "C++", 0, 0, 9, 0, 0, 0, 0, 0, 0, 10, 3, 22
"d:\AA_LEARN_CODING\LearnOpenGL\BlackPearl-Rendering-Engine\SandBox\assets\shaders_hlsl\RayTracingMetaball\AnalyticPrimitives.hlsli", "HLSL", 0, 0, 0, 0, 0, 0, 0, 0, 144, 47, 32, 223
"d:\AA_LEARN_CODING\LearnOpenGL\BlackPearl-Rendering-Engine\SandBox\assets\shaders_hlsl\RayTracingMetaball\ProceduralPrimitivesLibrary.hlsli", "HLSL", 0, 0, 0, 0, 0, 0, 0, 0, 57, 27, 16, 100
"d:\AA_LEARN_CODING\LearnOpenGL\BlackPearl-Rendering-Engine\SandBox\assets\shaders_hlsl\RayTracingMetaball\RayTracingMetaball.hlsl", "HLSL", 0, 0, 0, 0, 0, 0, 0, 0, 209, 81, 68, 358
"d:\AA_LEARN_CODING\LearnOpenGL\BlackPearl-Rendering-Engine\SandBox\assets\shaders_hlsl\RayTracingMetaball\SignedDistanceFractals.hlsli", "HLSL", 0, 0, 0, 0, 0, 0, 0, 0, 28, 28, 8, 64
"d:\AA_LEARN_CODING\LearnOpenGL\BlackPearl-Rendering-Engine\SandBox\assets\shaders_hlsl\RayTracingMetaball\SignedDistancePrimitives.hlsli", "HLSL", 0, 0, 0, 0, 0, 0, 0, 0, 205, 79, 53, 337
"d:\AA_LEARN_CODING\LearnOpenGL\BlackPearl-Rendering-Engine\SandBox\assets\shaders_hlsl\RayTracingMetaball\VolumetricPrimitives.hlsli", "HLSL", 0, 0, 0, 0, 0, 0, 0, 0, 139, 41, 24, 204
"d:\AA_LEARN_CODING\LearnOpenGL\BlackPearl-Rendering-Engine\SandBox\assets\shaders_hlsl\Raytracing.hlsl", "HLSL", 0, 0, 0, 0, 0, 0, 0, 0, 64, 17, 15, 96
"d:\AA_LEARN_CODING\LearnOpenGL\BlackPearl-Rendering-Engine\SandBox\assets\shaders_hlsl\RaytracingCube.hlsl", "HLSL", 0, 0, 0, 0, 0, 0, 0, 0, 110, 41, 34, 185
"d:\AA_LEARN_CODING\LearnOpenGL\BlackPearl-Rendering-Engine\SandBox\assets\shaders_hlsl\RaytracingHelper.hlsli", "HLSL", 0, 0, 0, 0, 0, 0, 0, 0, 124, 27, 34, 185
"d:\AA_LEARN_CODING\LearnOpenGL\BlackPearl-Rendering-Engine\SandBox\assets\shaders_hlsl_h\RayTracingMetaball.hlslbak.h", "C++", 0, 0, 19230, 0, 0, 0, 0, 0, 0, 46543, 286, 66059
"d:\AA_LEARN_CODING\LearnOpenGL\BlackPearl-Rendering-Engine\SandBox\assets\shaders_hlsl_h\Raytracing.hlsl.h", "C++", 0, 0, 520, 0, 0, 0, 0, 0, 0, 1859, 20, 2399
"d:\AA_LEARN_CODING\LearnOpenGL\BlackPearl-Rendering-Engine\SandBox\assets\shaders_hlsl_h\RaytracingCube.hlsl.h", "C++", 0, 0, 1156, 0, 0, 0, 0, 0, 0, 3563, 33, 4752
"d:\AA_LEARN_CODING\LearnOpenGL\BlackPearl-Rendering-Engine\SandBox\assets\shaders_hlsl_h\RaytracingHlslCompat.h", "C++", 0, 0, 121, 0, 0, 0, 0, 0, 0, 27, 26, 174
"d:\AA_LEARN_CODING\LearnOpenGL\BlackPearl-Rendering-Engine\SandBox\assets\skybox\mp_velcor\mp_velcor.shader", "ShaderLab", 0, 0, 0, 0, 0, 0, 0, 12, 0, 1, 2, 15
"d:\AA_LEARN_CODING\LearnOpenGL\BlackPearl-Rendering-Engine\SandBox\imgui.ini", "Ini", 0, 80, 0, 0, 0, 0, 0, 0, 0, 0, 16, 96
"d:\AA_LEARN_CODING\LearnOpenGL\BlackPearl-Rendering-Engine\SandBox\src\Layers\AdvanceLightTestLayer.h", "C++", 0, 0, 38, 0, 0, 0, 0, 0, 0, 37, 35, 110
"d:\AA_LEARN_CODING\LearnOpenGL\BlackPearl-Rendering-Engine\SandBox\src\Layers\BatchRenderingLayer.h", "C++", 0, 0, 95, 0, 0, 0, 0, 0, 0, 10, 38, 143
"d:\AA_LEARN_CODING\LearnOpenGL\BlackPearl-Rendering-Engine\SandBox\src\Layers\CubeTestLayer.h", "C++", 0, 0, 38, 0, 0, 0, 0, 0, 0, 40, 33, 111
"d:\AA_LEARN_CODING\LearnOpenGL\BlackPearl-Rendering-Engine\SandBox\src\Layers\FrameBufferTestLayer.h", "C++", 0, 0, 60, 0, 0, 0, 0, 0, 0, 23, 33, 116
"d:\AA_LEARN_CODING\LearnOpenGL\BlackPearl-Rendering-Engine\SandBox\src\Layers\IBLProbesRenderingLayer.h", "C++", 0, 0, 141, 0, 0, 0, 0, 0, 0, 117, 68, 326
"d:\AA_LEARN_CODING\LearnOpenGL\BlackPearl-Rendering-Engine\SandBox\src\Layers\IBLRenderingLayer.h", "C++", 0, 0, 79, 0, 0, 0, 0, 0, 0, 53, 58, 190
"d:\AA_LEARN_CODING\LearnOpenGL\BlackPearl-Rendering-Engine\SandBox\src\Layers\IndirectDrawLayer.h", "C++", 0, 0, 89, 0, 0, 0, 0, 0, 0, 62, 45, 196
"d:\AA_LEARN_CODING\LearnOpenGL\BlackPearl-Rendering-Engine\SandBox\src\Layers\PbrRenderingLayer.h", "C++", 0, 0, 142, 0, 0, 0, 0, 0, 0, 30, 50, 222
"d:\AA_LEARN_CODING\LearnOpenGL\BlackPearl-Rendering-Engine\SandBox\src\Layers\RayTracingLayer.h", "C++", 0, 0, 127, 0, 0, 0, 0, 0, 0, 20, 69, 216
"d:\AA_LEARN_CODING\LearnOpenGL\BlackPearl-Rendering-Engine\SandBox\src\Layers\ShadowMapPointLightLayer.h", "C++", 0, 0, 101, 0, 0, 0, 0, 0, 0, 185, 115, 401
"d:\AA_LEARN_CODING\LearnOpenGL\BlackPearl-Rendering-Engine\SandBox\src\Layers\ShadowMapTestLayer.h", "C++", 0, 0, 179, 0, 0, 0, 0, 0, 0, 57, 96, 332
"d:\AA_LEARN_CODING\LearnOpenGL\BlackPearl-Rendering-Engine\SandBox\src\Layers\SkyBoxTestLayer.h", "C++", 0, 0, 60, 0, 0, 0, 0, 0, 0, 12, 26, 98
"d:\AA_LEARN_CODING\LearnOpenGL\BlackPearl-Rendering-Engine\SandBox\src\Layers\TerrainRenderingLayer.h", "C++", 0, 0, 61, 0, 0, 0, 0, 0, 0, 33, 36, 130
"d:\AA_LEARN_CODING\LearnOpenGL\BlackPearl-Rendering-Engine\SandBox\src\Layers\VoxelConeTracingDeferredLayer.h", "C++", 0, 0, 90, 0, 0, 0, 0, 0, 0, 7, 41, 138
"d:\AA_LEARN_CODING\LearnOpenGL\BlackPearl-Rendering-Engine\SandBox\src\Layers\VoxelConeTracingLayer.h", "C++", 0, 0, 89, 0, 0, 0, 0, 0, 0, 26, 41, 156
"d:\AA_LEARN_CODING\LearnOpenGL\BlackPearl-Rendering-Engine\SandBox\src\Layers\VoxelConeTracingSVOLayer.h", "C++", 0, 0, 93, 0, 0, 0, 0, 0, 0, 39, 36, 168
"d:\AA_LEARN_CODING\LearnOpenGL\BlackPearl-Rendering-Engine\SandBox\src\Layers\VoxelizationTestLayer.h", "C++", 0, 0, 51, 0, 0, 0, 0, 0, 0, 9, 35, 95
"d:\AA_LEARN_CODING\LearnOpenGL\BlackPearl-Rendering-Engine\SandBox\src\SandBox.cpp", "C++", 0, 0, 63, 0, 0, 0, 0, 0, 0, 1, 11, 75
"d:\AA_LEARN_CODING\LearnOpenGL\BlackPearl-Rendering-Engine\packages\directxmesh_desktop_win10.2022.7.30.1\build\native\directxmesh_desktop_win10.targets", "XML", 34, 0, 0, 0, 0, 0, 0, 0, 0, 0, 8, 42
"d:\AA_LEARN_CODING\LearnOpenGL\BlackPearl-Rendering-Engine\packages\directxmesh_desktop_win10.2022.7.30.1\docs\HISTORY.md", "Markdown", 0, 0, 0, 179, 0, 0, 0, 0, 0, 0, 56, 235
"d:\AA_LEARN_CODING\LearnOpenGL\BlackPearl-Rendering-Engine\packages\directxmesh_desktop_win10.2022.7.30.1\docs\README.md", "Markdown", 0, 0, 0, 42, 0, 0, 0, 0, 0, 0, 41, 83
"d:\AA_LEARN_CODING\LearnOpenGL\BlackPearl-Rendering-Engine\packages\directxmesh_desktop_win10.2022.7.30.1\docs\SECURITY.md", "Markdown", 0, 0, 0, 22, 0, 0, 0, 0, 0, 2, 17, 41
"d:\AA_LEARN_CODING\LearnOpenGL\BlackPearl-Rendering-Engine\packages\directxmesh_desktop_win10.2022.7.30.1\include\DirectXMesh.h", "C++", 0, 0, 472, 0, 0, 0, 0, 0, 0, 84, 95, 651
"d:\AA_LEARN_CODING\LearnOpenGL\BlackPearl-Rendering-Engine\packages\directxmesh_desktop_win10.2022.7.30.1\include\DirectXMesh.inl", "C++", 0, 0, 14, 0, 0, 0, 0, 0, 0, 16, 6, 36
"d:\AA_LEARN_CODING\LearnOpenGL\BlackPearl-Rendering-Engine\packages\directxmesh_desktop_win10.2022.7.30.1\include\FlexibleVertexFormat.h", "C++", 0, 0, 875, 0, 0, 0, 0, 0, 0, 43, 145, 1063
"d:\AA_LEARN_CODING\LearnOpenGL\BlackPearl-Rendering-Engine\packages\directxmesh_desktop_win10.2022.7.30.1\include\WaveFrontReader.h", "C++", 0, 0, 572, 0, 0, 0, 0, 0, 0, 66, 113, 751
"d:\AA_LEARN_CODING\LearnOpenGL\BlackPearl-Rendering-Engine\packages\directxtex_uwp.2022.5.10.1\build\native\directxtex_uwp.targets", "XML", 24, 0, 0, 0, 0, 0, 0, 0, 0, 0, 6, 30
"d:\AA_LEARN_CODING\LearnOpenGL\BlackPearl-Rendering-Engine\packages\directxtex_uwp.2022.5.10.1\docs\HISTORY.md", "Markdown", 0, 0, 0, 446, 0, 0, 0, 0, 0, 0, 93, 539
"d:\AA_LEARN_CODING\LearnOpenGL\BlackPearl-Rendering-Engine\packages\directxtex_uwp.2022.5.10.1\docs\README.md", "Markdown", 0, 0, 0, 59, 0, 0, 0, 0, 0, 0, 58, 117
"d:\AA_LEARN_CODING\LearnOpenGL\BlackPearl-Rendering-Engine\packages\directxtex_uwp.2022.5.10.1\docs\SECURITY.md", "Markdown", 0, 0, 0, 22, 0, 0, 0, 0, 0, 2, 17, 41
"d:\AA_LEARN_CODING\LearnOpenGL\BlackPearl-Rendering-Engine\packages\directxtex_uwp.2022.5.10.1\include\DirectXTex.h", "C++", 0, 0, 604, 0, 0, 0, 0, 0, 0, 135, 190, 929
"d:\AA_LEARN_CODING\LearnOpenGL\BlackPearl-Rendering-Engine\packages\directxtex_uwp.2022.5.10.1\include\DirectXTex.inl", "C++", 0, 0, 159, 0, 0, 0, 0, 0, 0, 25, 29, 213
"d:\AA_LEARN_CODING\LearnOpenGL\BlackPearl-Rendering-Engine\packages\directxtex_uwp.2022.7.30.1\build\native\directxtex_uwp.targets", "XML", 24, 0, 0, 0, 0, 0, 0, 0, 0, 0, 6, 30
"d:\AA_LEARN_CODING\LearnOpenGL\BlackPearl-Rendering-Engine\packages\directxtex_uwp.2022.7.30.1\docs\HISTORY.md", "Markdown", 0, 0, 0, 453, 0, 0, 0, 0, 0, 0, 94, 547
"d:\AA_LEARN_CODING\LearnOpenGL\BlackPearl-Rendering-Engine\packages\directxtex_uwp.2022.7.30.1\docs\README.md", "Markdown", 0, 0, 0, 60, 0, 0, 0, 0, 0, 0, 59, 119
"d:\AA_LEARN_CODING\LearnOpenGL\BlackPearl-Rendering-Engine\packages\directxtex_uwp.2022.7.30.1\docs\SECURITY.md", "Markdown", 0, 0, 0, 22, 0, 0, 0, 0, 0, 2, 17, 41
"d:\AA_LEARN_CODING\LearnOpenGL\BlackPearl-Rendering-Engine\packages\directxtex_uwp.2022.7.30.1\include\DirectXTex.h", "C++", 0, 0, 611, 0, 0, 0, 0, 0, 0, 135, 192, 938
"d:\AA_LEARN_CODING\LearnOpenGL\BlackPearl-Rendering-Engine\packages\directxtex_uwp.2022.7.30.1\include\DirectXTex.inl", "C++", 0, 0, 160, 0, 0, 0, 0, 0, 0, 25, 29, 214
"d:\AA_LEARN_CODING\LearnOpenGL\BlackPearl-Rendering-Engine\premake5.lua", "Lua", 0, 0, 0, 0, 0, 234, 0, 0, 0, 21, 59, 314
"Total", "-", 1644, 148, 124211, 1956, 2, 234, 21809, 24, 2325, 210500, 19126, 381979